ballotpedia_id,bioguide_id,birthday_bio,cspan_id,fec_id,first_name,gender_bio,google_entity_id_id,govtrack_id,house_history_id,icpsr_id,last_name,lis_id,maplight_id,middle_name,nickname_name,official_full_name,opensecrets_id,religion_bio,suffix_name,thomas_id,votesmart_id,wikidata_id,wikipedia_id
Sherrod Brown,B000944,1952-11-09,5051.0,"['H2OH13033', 'S6OH00163']",Sherrod,M,kg:/m/034s80,400050,9996.0,29389.0,Brown,S307,168.0,,,Sherrod Brown,N00003535,Lutheran,,00136,27018.0,Q381880,Sherrod Brown
Maria Cantwell,C000127,1958-10-13,26137.0,"['S8WA00194', 'H2WA01054']",Maria,F,kg:/m/01x68t,300018,10608.0,39310.0,Cantwell,S275,544.0,,,Maria Cantwell,N00007836,Roman Catholic,,00172,27122.0,Q22250,Maria Cantwell
Ben Cardin,C000141,1943-10-05,4004.0,"['H6MD03177', 'S6MD03177']",Benjamin,M,kg:/m/025k3k,400064,10629.0,15408.0,Cardin,S308,182.0,L.,,Benjamin L. Cardin,N00001955,Jewish,,00174,26888.0,Q723295,Ben Cardin
Tom Carper,C000174,1947-01-23,663.0,['S8DE00079'],Thomas,M,kg:/m/01xw7t,300019,10671.0,15015.0,Carper,S277,545.0,Richard,,Thomas R. Carper,N00012508,Presbyterian,,00179,22421.0,Q457432,Tom Carper
"Bob Casey, Jr.",C001070,1960-04-13,47036.0,['S6PA00217'],Robert,M,kg:/m/047ymw,412246,,40703.0,Casey,S309,727.0,P.,Bob,"Robert P. Casey, Jr.",N00027503,,Jr.,01828,2541.0,Q887841,Bob Casey Jr.
Bob Corker,C001071,1952-08-24,1021114.0,"['S6TN00216', 'S4TN00187']",Bob,M,kg:/m/0d9fz3,412248,,40705.0,Corker,S310,729.0,,,Bob Corker,N00027441,,,01825,65905.0,Q331719,Bob Corker
Dianne Feinstein,F000062,1933-06-22,13061.0,['S0CA00199'],Dianne,F,kg:/m/01gqws,300043,13044.0,49300.0,Feinstein,S221,567.0,,,Dianne Feinstein,N00007364,Jewish,,01332,53273.0,Q230733,Dianne Feinstein
Orrin Hatch,H000338,1934-03-22,189.0,"['S6UT00063', 'P00003806']",Orrin,M,kg:/m/016mj4,300052,,14503.0,Hatch,S118,574.0,G.,,Orrin G. Hatch,N00009869,Latter Day Saints,,01351,53352.0,Q381157,Orrin Hatch
Amy Klobuchar,K000367,1960-05-25,83701.0,['S6MN00267'],Amy,F,kg:/m/05fbpt,412242,16558.0,40700.0,Klobuchar,S311,724.0,Jean,,Amy Klobuchar,N00027500,,,01826,65092.0,Q22237,Amy Klobuchar
Claire McCaskill,M001170,1953-07-24,1012014.0,"['S6MO00305', 'P80005721']",Claire,F,kg:/m/040_w4,412243,18811.0,40701.0,McCaskill,S312,725.0,,,Claire McCaskill,N00027694,,,01820,2109.0,Q22260,Claire McCaskill
Bob Menendez,M000639,1954-01-01,29608.0,"['H2NJ13075', 'S6NJ00289']",Robert,M,kg:/m/033d3p,400272,18124.0,29373.0,Menéndez,S306,368.0,,Bob,Robert Menendez,N00000699,Roman Catholic,,00791,26961.0,Q888132,Bob Menendez
Bill Nelson (Florida),N000032,1942-09-29,1931.0,['S8FL00166'],Bill,M,kg:/m/01_pb_,300078,18875.0,14651.0,Nelson,S282,598.0,,,Bill Nelson,N00009926,Presbyterian,,00859,1606.0,Q358437,Bill Nelson
Bernie Sanders,S000033,1941-09-08,994.0,"['H8VT01016', 'S4VT00033']",Bernard,M,kg:/m/01_gbv,400357,21173.0,29147.0,Sanders,S313,450.0,,Bernie,Bernard Sanders,N00000528,Jewish,,01010,27110.0,Q359442,Bernie Sanders
Debbie Stabenow,S000770,1950-04-29,45451.0,"['S8MI00281', 'H6MI08163']",Debbie,F,kg:/m/01xh64,300093,22090.0,29732.0,Stabenow,S284,612.0,Ann,,Debbie Stabenow,N00004118,United Methodist,,01531,515.0,Q241092,Debbie Stabenow
Jon Tester,T000464,1956-08-21,1020176.0,['S6MT00162'],Jon,M,kg:/m/066cdp,412244,,40702.0,Tester,S314,726.0,,,Jon Tester,N00027605,,,01829,20928.0,Q529351,Jon Tester
Sheldon Whitehouse,W000802,1955-10-20,92235.0,['S6RI00221'],Sheldon,M,kg:/m/07qw94,412247,,40704.0,Whitehouse,S316,728.0,,,Sheldon Whitehouse,N00027533,,,01823,2572.0,Q652066,Sheldon Whitehouse
John Barrasso,B001261,1952-07-21,1024777.0,['S6WY00068'],John,M,kg:/m/02rsm32,412251,,40707.0,Barrasso,S317,732.0,A.,,John Barrasso,N00006236,,,01881,52662.0,Q720521,John Barrasso
Roger Wicker,W000437,1951-07-05,18203.0,"['H4MS01078', 'S8MS00196']",Roger,M,kg:/m/025xxb,400432,23734.0,29534.0,Wicker,S318,517.0,F.,,Roger F. Wicker,N00003280,Southern Baptist,,01226,21926.0,Q390491,Roger Wicker
Lamar Alexander,A000360,1940-07-03,5.0,"['S2TN00058', 'P60003225']",Lamar,M,kg:/m/01rbs3,300002,,40304.0,Alexander,S289,530.0,,,Lamar Alexander,N00009888,Presbyterian,,01695,15691.0,Q419976,Lamar Alexander
Thad Cochran,C000567,1937-12-07,1200.0,['S8MS00055'],Thad,M,kg:/m/01fmcd,300023,11160.0,14009.0,Cochran,S136,549.0,,,Thad Cochran,N00003328,Baptist,,00213,53312.0,Q723896,Thad Cochran
Susan Collins,C001035,1952-12-07,45738.0,['S6ME00159'],Susan,F,kg:/m/020y8m,300025,11742.0,49703.0,Collins,S252,551.0,M.,,Susan M. Collins,N00000491,Catholic,,01541,379.0,Q22279,Susan Collins
John Cornyn,C001056,1952-02-02,93131.0,['S2TX00106'],John,M,kg:/m/01xcqs,300027,,40305.0,Cornyn,S287,553.0,,,John Cornyn,N00024852,Church of Christ,,01692,15375.0,Q719568,John Cornyn
Dick Durbin,D000563,1944-11-21,6741.0,"['S6IL00151', 'H2IL20026']",Richard,M,kg:/m/01xcd1,300038,12527.0,15021.0,Durbin,S253,563.0,J.,,Richard J. Durbin,N00004981,Roman Catholic,,00326,26847.0,Q434804,Dick Durbin
Mike Enzi,E000285,1944-02-01,45824.0,['S6WY00126'],Michael,M,kg:/m/021ph1,300041,,49706.0,Enzi,S254,565.0,B.,,Michael B. Enzi,N00006249,Presbyterian,,01542,558.0,Q432431,Mike Enzi
Lindsey Graham,G000359,1955-07-09,36782.0,"['S0SC00149', 'H4SC03087']",Lindsey,M,kg:/m/01_pdg,300047,14015.0,29566.0,Graham,S293,569.0,O.,,Lindsey Graham,N00009975,Southern Baptist,,00452,21992.0,Q22212,Lindsey Graham
Jim Inhofe,I000024,1934-11-17,5619.0,"['S4OK00083', 'H6OK01102']",James,M,kg:/m/021kpl,300055,15645.0,15424.0,Inhofe,S236,576.0,M.,Jim,James M. Inhofe,N00005582,Presbyterian,,00583,27027.0,Q723134,Jim Inhofe
Mitch McConnell,M000355,1942-02-20,2351.0,['S2KY00012'],Mitch,M,kg:/m/01z6ls,300072,,14921.0,McConnell,S174,593.0,,,Mitch McConnell,N00003389,Baptist,,01395,53298.0,Q355522,Mitch McConnell
Jeff Merkley,M001176,1956-10-24,1029842.0,['S8OR00207'],Jeff,M,kg:/m/026k60f,412325,,40908.0,Merkley,S322,807.0,,,Jeff Merkley,N00029303,,,01900,23644.0,Q1368405,Jeff Merkley
Jack Reed,R000122,1949-11-12,24239.0,"['S6RI00163', 'H0RI02071']",John,M,kg:/m/0202mc,300081,20232.0,29142.0,Reed,S259,600.0,F.,Jack,Jack Reed,N00000362,Roman Catholic,,00949,27060.0,Q528979,Jack Reed (politician)
Jim Risch,R000584,1943-05-03,1020034.0,['S8ID00092'],James,M,kg:/m/06y9p0,412322,,40902.0,Risch,S323,804.0,,,James E. Risch,N00029441,,,01896,2919.0,Q721871,Jim Risch
Pat Roberts,R000307,1936-04-20,16354.0,"['S6KS00080', 'H0KS01016']",Pat,M,kg:/m/01_pdv,300083,20465.0,14852.0,Roberts,S260,602.0,,,Pat Roberts,N00005285,Methodist,,00968,26866.0,Q538375,Pat Roberts
Jeff Sessions,S001141,1946-12-24,44441.0,['S6AL00195'],Jefferson,M,kg:/m/020yjg,300088,,49700.0,Sessions,S261,607.0,B.,Jeff,Jeff Sessions,N00003062,Methodist,,01548,443.0,Q358443,Jeff Sessions
Jeanne Shaheen,S001181,1947-01-28,22850.0,['S0NH00219'],Jeanne,F,kg:/m/01rrm2,412323,22618.0,40906.0,Shaheen,S324,805.0,,,Jeanne Shaheen,N00024790,,,01901,1663.0,Q270316,Jeanne Shaheen
Tom Udall,U000039,1948-05-18,10075.0,"['H8NM03097', 'S8NM00184']",Tom,M,kg:/m/033t35,400413,20879.0,29924.0,Udall,S326,498.0,S.,,Tom Udall,N00006561,Latter Day Saints,,01567,22658.0,Q957690,Tom Udall
Mark Warner,W000805,1954-12-15,7630.0,"['S6VA00093', 'P80003023']",Mark,M,kg:/m/024mm1,412321,,40909.0,Warner,S327,803.0,,,Mark R. Warner,N00002097,,,01897,535.0,Q453893,Mark Warner
Kirsten Gillibrand,G000555,1966-12-09,1022862.0,"['H6NY20167', 'S0NY00410']",Kirsten,F,kg:/m/0gnfc4,412223,14269.0,20735.0,Gillibrand,S331,708.0,E.,,Kirsten E. Gillibrand,N00027658,,,01866,65147.0,Q22222,Kirsten Gillibrand
Al Franken,F000457,1951-05-21,23334.0,['S8MN00438'],Alan,M,kg:/m/01lct6,412378,,40904.0,Franken,S332,1189.0,Stuart,Al,Al Franken,N00029016,,,01969,108924.0,Q319084,Al Franken
Chris Coons,C001088,1963-09-09,9269028.0,['S0DE00092'],Chris,M,kg:/m/082d3d,412390,,40916.0,Coons,S337,1371.0,Andrew,,Christopher A. Coons,N00031820,,,01984,122834.0,Q923242,Chris Coons
Joe Manchin III,M001183,1947-08-24,62864.0,['S0WV00090'],Joe,M,kg:/m/04lc5t,412391,,40915.0,Manchin,S338,1372.0,,,"Joe Manchin, III",N00032838,,III,01983,7547.0,Q538868,Joe Manchin
Robert B. Aderholt,A000055,1965-07-22,45516.0,['H6AL04098'],Robert,M,kg:/m/024p03,400004,8333.0,29701.0,Aderholt,,127.0,B.,,Robert B. Aderholt,N00003028,Protestant,,01460,441.0,Q672671,Robert Aderholt
Justin Amash,A000367,1980-04-18,1033767.0,['H0MI03126'],Justin,M,kg:/m/0c00p_n,412438,8769.0,21143.0,Amash,,1449.0,,,Justin Amash,N00031938,,,02029,105566.0,Q1714165,Justin Amash
Tammy Baldwin,B001230,1962-02-11,57884.0,"['H8WI00018', 'S2WI00219']",Tammy,F,kg:/m/024v02,400013,10361.0,29940.0,Baldwin,S354,136.0,,,Tammy Baldwin,N00004367,,,01558,3470.0,Q40628,Tammy Baldwin
Lou Barletta,B001269,1956-01-28,29618.0,['H2PA11098'],Lou,M,kg:/m/03wcvjl,412469,10432.0,21171.0,Barletta,,1474.0,,,Lou Barletta,N00025495,,,02054,47143.0,Q25568,Lou Barletta
,B000213,1949-09-15,5248.0,"['H4TX06117', 'S4TX00094']",Joe,M,kg:/m/03rspq,400018,9049.0,15085.0,Barton,,139.0,Linus,,Joe Barton,N00005656,Methodist,,00062,27082.0,Q966261,Joe Barton
,B001270,1953-10-03,62502.0,['H0CA33117'],Karen,F,kg:/m/027g9m6,412404,10433.0,21110.0,Bass,,1249.0,,,Karen Bass,N00031877,,,01996,28963.0,Q461739,Karen Bass
Xavier Becerra,B000287,1958-01-26,26567.0,['H2CA30143'],Xavier,M,kg:/m/024trk,400021,9147.0,29316.0,Becerra,,142.0,,,Xavier Becerra,N00009774,Roman Catholic,,00070,26754.0,Q1855840,Xavier Becerra
Michael Bennet,B001267,1964-11-28,1031622.0,['S0CO00211'],Michael,M,kg:/m/05b60qf,412330,,40910.0,Bennet,S330,1092.0,F.,,Michael F. Bennet,N00030608,,,01965,110942.0,Q554792,Michael Bennet
Gus M. Bilirakis,B001257,1963-02-08,1022873.0,['H6FL09070'],Gus,M,kg:/m/0dy3z1,412250,10413.0,20758.0,Bilirakis,,731.0,M.,,Gus M. Bilirakis,N00027462,,,01838,17318.0,Q1555314,Gus Bilirakis
Rob Bishop,B001250,1951-07-13,1003621.0,['H2UT01094'],Rob,M,kg:/m/02tn41,400029,10399.0,20357.0,Bishop,,150.0,,,Rob Bishop,N00025292,Latter Day Saints,,01753,50544.0,Q433857,Rob Bishop
,B000490,1947-02-04,26194.0,['H2GA02031'],Sanford,M,kg:/m/02554k,400030,7697.0,29339.0,Bishop,,148.0,D.,,"Sanford D. Bishop, Jr.",N00002674,Baptist,Jr.,00091,26817.0,Q983428,Sanford Bishop
,B001273,1951-01-16,9268964.0,['H0TN06257'],Diane,F,kg:/m/0cyvxl,412478,10436.0,21180.0,Black,,1483.0,,,Diane Black,N00031539,,,02063,25292.0,Q515935,Diane Black
Marsha Blackburn,B001243,1952-06-06,31226.0,['H2TN06030'],Marsha,F,kg:/m/01fnkt,400032,10385.0,20351.0,Blackburn,,151.0,W.,,Marsha Blackburn,N00003105,Presbyterian,,01748,25186.0,Q458971,Marsha Blackburn
Earl Blumenauer,B000574,1948-08-16,43809.0,['H6OR03064'],Earl,M,kg:/m/033tw8,400033,9518.0,29588.0,Blumenauer,,152.0,,,Earl Blumenauer,N00007727,,,00099,367.0,Q748066,Earl Blumenauer
Richard Blumenthal,B001277,1946-02-13,21799.0,['S0CT00177'],Richard,M,kg:/m/03tg8m,412490,,41101.0,Blumenthal,S341,1495.0,,,Richard Blumenthal,N00031685,,,02076,1568.0,Q2023708,Richard Blumenthal
Roy Blunt,B000575,1950-01-10,45465.0,"['H6MO07128', 'S0MO00183']",Roy,M,kg:/m/034fn4,400034,9520.0,29735.0,Blunt,S342,153.0,,,Roy Blunt,N00005195,Baptist,,01464,418.0,Q1525924,Roy Blunt
John Boozman,B001236,1950-12-10,92069.0,"['H2AR03176', 'S0AR00150']",John,M,kg:/m/024s3v,400040,10372.0,20101.0,Boozman,S343,159.0,,,John Boozman,N00013873,,,01687,27958.0,Q1344707,John Boozman
,B001245,1933-05-31,1003568.0,['H2GU00033'],Madeleine,F,kg:/m/01s_xp,400041,10389.0,,Bordallo,,160.0,Z.,,Madeleine Z. Bordallo,N00024866,Catholic,,01723,1751.0,Q292988,Madeleine Bordallo
,B000755,1955-04-11,45749.0,['H6TX08100'],Kevin,M,kg:/m/03tq00,400046,9754.0,29760.0,Brady,,166.0,P.,,Kevin Brady,N00005883,Catholic,,01468,361.0,Q472241,Kevin Brady
Robert A. Brady,B001227,1945-04-07,55227.0,['H8PA01153'],Robert,M,kg:/m/03tq5z,400047,10355.0,29777.0,Brady,,165.0,Alan,,Robert A. Brady,N00001619,,,01469,2519.0,Q434522,Bob Brady
Mo Brooks,B001274,1954-04-29,94888.0,['H0AL05163'],Mo,M,kg:/m/0c3xdjf,412395,10438.0,21193.0,Brooks,,1409.0,,,Mo Brooks,N00030910,,,01987,121610.0,Q1941306,Mo Brooks
Vern Buchanan,B001260,1951-05-08,1021626.0,['H6FL13148'],Vern,M,kg:/m/0gtjsp,412196,10419.0,20709.0,Buchanan,,683.0,,,Vern Buchanan,N00027626,,,01840,66247.0,Q2517229,Vern Buchanan
Larry Bucshon,B001275,1962-05-31,61837.0,['H0IN08114'],Larry,M,kg:/m/0dd9k_y,412427,10439.0,21132.0,Bucshon,,1438.0,,,Larry Bucshon,N00031227,,,02018,120335.0,Q944286,Larry Bucshon
,B001248,1950-12-23,1003620.0,['H2TX26093'],Michael,M,kg:/m/03tq8_,400052,10395.0,20355.0,Burgess,,171.0,C.,,Michael C. Burgess,N00025219,Episcopalian,,01751,50120.0,Q539521,Michael C. Burgess
Richard Burr,B001135,1955-11-30,31054.0,"['S4NC00089', 'H2NC05074']",Richard,M,kg:/m/03g_s9,400054,10236.0,29548.0,Burr,S300,172.0,M.,,Richard Burr,N00002221,Methodist,,00153,21787.0,Q331278,Richard Burr
G.K. Butterfield,B001251,1947-04-27,1013540.0,['H4NC01046'],George,M,kg:/m/03g_pq,400616,10401.0,20340.0,Butterfield,,624.0,Kenneth,G.K.,G. K. Butterfield,N00027035,Baptist,Jr.,01761,41077.0,Q983532,G. K. Butterfield
,C000059,1953-06-08,26709.0,['H2CA37023'],Ken,M,kg:/m/024xl1,400057,10517.0,29323.0,Calvert,,175.0,S.,,Ken Calvert,N00007099,Protestant,,00165,26777.0,Q538978,Ken Calvert
Shelley Moore Capito,C001047,1953-11-26,83737.0,"['H0WV02138', 'S4WV00159']",Shelley,F,kg:/m/024pwq,400061,11762.0,20146.0,Capito,S372,179.0,Moore,,Shelley Moore Capito,N00009771,Presbyterian,,01676,11701.0,Q459618,Shelley Moore Capito
Michael Capuano,C001037,1952-01-09,56760.0,"['H8MA08071', 'S0MA00117']",Michael,M,kg:/m/028vsm,400063,11746.0,29919.0,Capuano,,181.0,E.,,Michael E. Capuano,N00000267,Roman Catholic,,01564,18883.0,Q551578,Mike Capuano
Andre Carson,C001072,1974-10-16,1027364.0,['H8IN07184'],André,M,kg:/m/03qcvz1,412258,11806.0,20757.0,Carson,,739.0,,,André Carson,N00029513,,,01889,84917.0,Q517649,André Carson
John Carter,C001051,1941-11-06,1004257.0,['H2TX31044'],John,M,kg:/m/04m7rg,400068,11770.0,20356.0,Carter,,185.0,R.,,John R. Carter,N00025095,Christian,,01752,49296.0,Q369814,John Carter (Texas politician)
Bill Cassidy,C001075,1957-09-28,1030546.0,"['H8LA00017', 'S4LA00107']",Bill,M,kg:/m/0286t7r,412269,11811.0,20919.0,Cassidy,S373,751.0,,,Bill Cassidy,N00030245,,,01925,69494.0,Q861999,Bill Cassidy
Kathy Castor,C001066,1966-08-20,1022874.0,"['H6FL11126', 'H6FL11134']",Kathy,F,kg:/m/0dq1v6,412195,11796.0,20708.0,Castor,,682.0,,,Kathy Castor,N00027514,,,01839,53825.0,Q458492,Kathy Castor
Steve Chabot,C000266,1953-01-22,36705.0,['H8OH01043'],Steve,M,kg:/m/0343vk,400071,10791.0,29550.0,Chabot,,188.0,J.,,Steve Chabot,N00003689,Catholic,,00186,21790.0,Q506694,Steve Chabot
Jason Chaffetz,C001076,1967-03-26,1031362.0,['H8UT03089'],Jason,M,kg:/m/047blr4,412270,11813.0,20949.0,Chaffetz,,752.0,,,Jason Chaffetz,N00028958,,,01956,103482.0,Q1683881,Jason Chaffetz
,C001080,1953-07-07,92573.0,['H0CA32101'],Judy,F,kg:/m/0krsk2,412379,11820.0,20955.0,Chu,,1190.0,M.,,Judy Chu,N00030600,,,01970,16539.0,Q460035,Judy Chu
David N. Cicilline,C001084,1961-07-15,1033865.0,['H0RI01073'],David,M,kg:/m/04t97v,412470,11826.0,21172.0,Cicilline,,1475.0,N.,,David N. Cicilline,N00032019,,,02055,7349.0,Q938498,David Cicilline
Yvette D. Clarke,C001067,1964-11-21,1022875.0,['H4NY11138'],Yvette,F,kg:/m/06h90t,412221,11798.0,20733.0,Clarke,,706.0,D.,,Yvette D. Clarke,N00026961,,,01864,44741.0,Q461679,Yvette Clarke
,C001049,1956-07-27,88332.0,['H0MO01066'],Wm.,M,kg:/m/024vjr,400074,11766.0,20147.0,Clay,,191.0,Lacy,,Wm. Lacy Clay,N00012460,Roman Catholic,Jr.,01654,8967.0,Q959455,Lacy Clay
,C001061,1944-10-26,10933.0,['H4MO05234'],Emanuel,M,kg:/m/04cbbm,400639,11786.0,20517.0,Cleaver,,645.0,,,Emanuel Cleaver,N00026790,,II,01790,39507.0,Q1334654,Emanuel Cleaver
James E. Clyburn,C000537,1940-07-21,21607.0,['H2SC02042'],James,M,kg:/m/03c469,400075,11119.0,39301.0,Clyburn,,192.0,E.,Jim,James E. Clyburn,N00002408,African Methodist Episcopal,,00208,27066.0,Q1289889,Jim Clyburn
Mike Coffman,C001077,1955-03-19,1031340.0,"['H8CO06138', 'H2CO00019']",Mike,M,kg:/m/03gy95d,412271,11815.0,20906.0,Coffman,,753.0,,,Mike Coffman,N00024753,,,01912,1535.0,Q547218,Mike Coffman
,C001068,1949-05-24,1022876.0,['H6TN09068'],Steve,M,kg:/m/04l8cr,412236,11800.0,20748.0,Cohen,,721.0,,,Steve Cohen,N00003225,,,01878,24340.0,Q512330,Steve Cohen
Tom Cole,C001053,1949-04-28,1003609.0,['H2OK04055'],Tom,M,kg:/m/03tqb0,400077,11774.0,20344.0,Cole,,194.0,,,Tom Cole,N00025726,Methodist,,01742,46034.0,Q173839,Tom Cole
Mike Conaway,C001062,1948-06-11,1004595.0,"['H4TX19136', 'H3TX19021']",K.,M,kg:/m/04cmt7,400655,11788.0,20531.0,Conaway,,660.0,Michael,,K. Michael Conaway,N00026041,Baptist,,01805,49935.0,Q538944,Mike Conaway
,C001078,1950-03-30,1015936.0,['H8VA11062'],Gerald,M,kg:/m/04f40kn,412272,11817.0,20952.0,Connolly,,754.0,E.,,Gerald E. Connolly,N00029891,,,01959,95078.0,Q1514859,Gerry Connolly
"John Conyers, Jr.",C000714,1929-05-16,1824.0,['H6MI01028'],John,M,kg:/m/02hy5d,400080,11348.0,10713.0,Conyers,,195.0,,,"John Conyers, Jr.",N00004029,Baptist,Jr.,00229,26904.0,Q1370968,John Conyers
Jim Cooper,C000754,1954-06-19,1201.0,"['H2TN05131', 'H2TN04027', 'S4TN00096']",Jim,M,kg:/m/03tm2p,400081,11401.0,15019.0,Cooper,,196.0,,,Jim Cooper,N00003132,Episcopalian,,00231,48891.0,Q973737,Jim Cooper
,C001059,1952-04-13,19599.0,['H4CA20082'],Jim,M,kg:/m/04chm2,400618,11782.0,20501.0,Costa,,626.0,,,Jim Costa,N00026341,,,01774,3577.0,Q675869,Jim Costa
Joe Courtney,C001069,1953-04-06,1021284.0,['H2CT02112'],Joe,M,kg:/m/0700nd,412193,11802.0,20706.0,Courtney,,680.0,,,Joe Courtney,N00024842,,,01836,30333.0,Q434470,Joe Courtney (politician)
Mike Crapo,C000880,1951-05-20,26440.0,"['S8ID00027', 'H2ID02034']",Michael,M,kg:/m/021pgp,300030,11556.0,29345.0,Crapo,S266,556.0,D.,,Mike Crapo,N00006267,Latter Day Saints,,00250,26830.0,Q734319,Mike Crapo
Rick Crawford,C001087,1966-01-22,623259.0,['H0AR01083'],Eric,M,kg:/m/0czb3pp,412400,11831.0,21106.0,Crawford,,1414.0,A.,Rick,"Eric A. ""Rick"" Crawford",N00030770,,,01989,119208.0,Q2151554,Rick Crawford (politician)
Joseph Crowley,C001038,1962-03-16,57880.0,['H8NY07046'],Joseph,M,kg:/m/03v10s,400087,11748.0,29925.0,Crowley,,201.0,,Joe,Joseph Crowley,N00001127,Roman Catholic,,01604,4295.0,Q971318,Joseph Crowley
,C001063,1955-09-19,1013062.0,['H2TX23082'],Henry,M,kg:/m/04clj6,400657,11790.0,20533.0,Cuellar,,662.0,,,Henry Cuellar,N00024978,Catholic,,01807,5486.0,Q539562,Henry Cuellar
John Culberson,C001048,1956-08-24,88078.0,['H0TX07055'],John,M,kg:/m/03sfhc,400089,11764.0,20139.0,Culberson,,203.0,Abney,,John Abney Culberson,N00009738,Methodist,,01670,5488.0,Q671976,John Culberson
Elijah Cummings,C000984,1951-01-18,43300.0,['H6MD07160'],Elijah,M,kg:/m/025k9h,400090,11684.0,29587.0,Cummings,,204.0,E.,,Elijah E. Cummings,N00001971,Baptist,,00256,345.0,Q934898,Elijah Cummings
Danny K. Davis,D000096,1941-09-06,44325.0,['H4IL07037'],Danny,M,kg:/m/0256k7,400093,11949.0,29717.0,Davis,,209.0,K.,,Danny K. Davis,N00004884,Baptist,,01477,233.0,Q1164657,Danny K. Davis
,D000598,1944-04-13,85595.0,['H0CA49055'],Susan,F,kg:/m/024xs5,400097,12571.0,20108.0,Davis,,207.0,A.,,Susan A. Davis,N00009604,Jewish,,01641,8168.0,Q460675,Susan Davis (politician)
Peter DeFazio,D000191,1947-05-27,6068.0,"['H6OR04047', 'S6OR00151']",Peter,M,kg:/m/033ttx,400100,12068.0,15410.0,DeFazio,,213.0,A.,,Peter A. DeFazio,N00007781,Catholic,,00279,27037.0,Q1758507,Peter DeFazio
Diana DeGette,D000197,1957-07-29,90293.0,['H6CO01141'],Diana,F,kg:/m/024z95,400101,12076.0,29710.0,DeGette,,214.0,L.,,Diana DeGette,N00006134,Presbyterian,,01479,561.0,Q437159,Diana DeGette
Rosa DeLauro,D000216,1943-03-02,19040.0,['H0CT03072'],Rosa,F,kg:/m/024zn0,400103,12101.0,29109.0,DeLauro,,215.0,L.,,Rosa L. DeLauro,N00000615,Roman Catholic,,00281,26788.0,Q434952,Rosa DeLauro
,D000612,1967-07-29,623287.0,['H0CA19173'],Jeff,M,kg:/m/02q4gng,412403,12597.0,21109.0,Denham,,1276.0,,,Jeff Denham,N00031593,,,01995,28769.0,Q1686295,Jeff Denham
Charles W. Dent,D000604,1960-05-24,1011395.0,['H4PA15087'],Charles,M,kg:/m/04fcm3,400648,12583.0,20526.0,Dent,,654.0,W.,,Charles W. Dent,N00026171,,,01799,9121.0,Q556034,Charlie Dent
,D000616,1964-02-21,623517.0,['H0TN04195'],Scott,M,kg:/m/09k4h2_,412477,12604.0,21179.0,DesJarlais,,1482.0,,,Scott DesJarlais,N00030957,,,02062,123473.0,Q2260839,Scott DesJarlais
Theodore E. Deutch,D000610,1966-05-07,9267613.0,['H0FL19080'],Theodore,M,kg:/m/03cg3qs,412385,12594.0,20959.0,Deutch,,1365.0,E.,,Theodore E. Deutch,N00031317,,,01976,67151.0,Q245724,Ted Deutch
Mario Diaz-Balart,D000600,1961-09-25,1003562.0,['H2FL25018'],Mario,M,kg:/m/02536z,400108,12575.0,20316.0,Diaz-Balart,,221.0,,,Mario Diaz-Balart,N00025337,Catholic,,01717,24312.0,Q767270,Mario Díaz-Balart
,D000399,1946-10-06,36810.0,['H4TX10028'],Lloyd,M,kg:/m/03flzn,400111,12328.0,29571.0,Doggett,,224.0,A.,,Lloyd Doggett,N00006023,Methodist,,00303,21689.0,Q363817,Lloyd Doggett
Joe Donnelly,D000607,1955-09-28,1012000.0,"['H4IN02101', 'S2IN00091']",Joe,M,kg:/m/0gmx64,412205,12588.0,20717.0,Donnelly,S356,691.0,,,Joe Donnelly,N00026586,,,01850,34212.0,Q1691395,Joe Donnelly
Michael F. Doyle,D000482,1953-08-05,36774.0,['H4PA18131'],Michael,M,kg:/m/03tqjg,400114,12436.0,29561.0,Doyle,,226.0,F.,Mike,Michael F. Doyle,N00001373,Roman Catholic,Jr.,00316,21853.0,Q1344200,Michael F. Doyle
Sean Duffy,D000614,1971-10-03,623570.0,['H0WI07051'],Sean,M,kg:/m/026m6hd,412488,12601.0,21189.0,Duffy,,1493.0,P.,,Sean P. Duffy,N00030967,,,02072,126238.0,Q1729888,Sean Duffy
Jeff Duncan,D000615,1966-01-07,62713.0,['H0SC03077'],Jeff,M,kg:/m/0ddgp1k,412472,12602.0,21174.0,Duncan,,1477.0,,,Jeff Duncan,N00030752,,,02057,47967.0,Q1027026,Jeff Duncan (politician)
,D000533,1947-07-21,6114.0,['H8TN02069'],John,M,kg:/m/0450rl,400116,12493.0,15455.0,Duncan,,228.0,J.,Jimmy,"John J. Duncan, Jr.",N00003209,Presbyterian,Jr.,00322,27069.0,Q653994,Jimmy Duncan (U.S. politician)
Keith Ellison,E000288,1963-08-04,1022556.0,['H6MN05183'],Keith,M,kg:/m/0dlwms,412215,12957.0,20727.0,Ellison,,700.0,Maurice,,Keith Ellison,N00028257,,,01857,38982.0,Q40589,Keith Ellison
,E000179,1947-02-18,6109.0,['H8NY19058'],Eliot,M,kg:/m/03tt1r,400122,12815.0,15603.0,Engel,,233.0,L.,,Eliot L. Engel,N00001003,Jewish,,00344,26972.0,Q1329618,Eliot Engel
,E000215,1942-12-13,26130.0,['H8CA12098'],Anna,F,kg:/m/024t6x,400124,12867.0,29312.0,Eshoo,,235.0,G.,,Anna G. Eshoo,N00007335,Catholic,,00355,26741.0,Q291193,Anna Eshoo
Blake Farenthold,F000460,1961-12-12,95180.0,['H0TX27061'],Blake,M,kg:/m/0ds2ztj,412482,13565.0,21184.0,Farenthold,,1487.0,,,Blake Farenthold,N00031672,,,02067,116919.0,Q881255,Blake Farenthold
Jeff Flake,F000444,1962-12-31,87582.0,"['H0AZ01184', 'S2AZ00141']",Jeff,M,kg:/m/024p7j,400134,13537.0,20100.0,Flake,S358,245.0,,,Jeff Flake,N00009573,Latter Day Saints,,01633,28128.0,Q929581,Jeff Flake
,F000459,1962-10-11,95146.0,['H0TN03254'],Charles,M,kg:/m/0ddd54f,412476,13563.0,21178.0,Fleischmann,,1481.0,J.,Chuck,"Charles J. ""Chuck"" Fleischmann",N00030815,,,02061,123456.0,Q521959,Chuck Fleischmann
,F000461,1954-02-25,623540.0,['H0TX17104'],Bill,M,kg:/m/0bs1ntq,412480,13566.0,21182.0,Flores,,1485.0,,,Bill Flores,N00031545,,,02065,116906.0,Q862103,Bill Flores
Jeff Fortenberry,F000449,1960-12-27,1013049.0,['H4NE01064'],Jeff,M,kg:/m/04fcch,400640,13545.0,20518.0,Fortenberry,,646.0,Lane,,Jeff Fortenberry,N00026631,,,01793,41929.0,Q1397331,Jeff Fortenberry
Virginia Foxx,F000450,1943-06-29,1013052.0,['H4NC05146'],Virginia,F,kg:/m/02b5dz,400643,13547.0,20521.0,Foxx,,649.0,,,Virginia Foxx,N00026166,Roman Catholic,,01791,6051.0,Q458453,Virginia Foxx
Trent Franks,F000448,1957-06-19,1003550.0,['H4AZ04024'],Trent,M,kg:/m/024p5b,400141,13543.0,20304.0,Franks,,251.0,,,Trent Franks,N00006423,Baptist,,01707,28399.0,Q1397303,Trent Franks
,F000372,1946-04-29,37781.0,['H2NJ05014'],Rodney,M,kg:/m/03bktp,400142,13440.0,29541.0,Frelinghuysen,,252.0,P.,,Rodney P. Frelinghuysen,N00000684,Episcopalian,,00414,22177.0,Q338190,Rodney Frelinghuysen
Marcia L. Fudge,F000455,1952-10-29,1030928.0,['H8OH11141'],Marcia,F,kg:/m/04n11v9,412327,13557.0,20941.0,Fudge,,809.0,L.,,Marcia L. Fudge,N00030490,,,01895,110640.0,Q461746,Marcia Fudge
,G000559,1945-01-24,18413.0,['H0CA10149'],John,M,kg:/m/05fvls,412382,14276.0,20958.0,Garamendi,,1209.0,,,John Garamendi,N00030856,,,01973,29664.0,Q1340268,John Garamendi
Cory Gardner,G000562,1974-08-22,623308.0,"['H0CO04122', 'S4CO00395']",Cory,M,kg:/m/0czd33q,412406,14279.0,21112.0,Gardner,S377,1418.0,,,Cory Gardner,N00030780,,,01998,30004.0,Q1135774,Cory Gardner
Bob Gibbs,G000563,1954-06-14,1033844.0,['H0OH18077'],Bob,M,kg:/m/07qwv4,412463,14280.0,21165.0,Gibbs,,1469.0,,,Bob Gibbs,N00031128,,,02049,45466.0,Q887945,Bob Gibbs
Louie Gohmert,G000552,1953-08-18,1011394.0,['H4TX04039'],Louie,M,kg:/m/0490h9,400651,14263.0,20527.0,Gohmert,,656.0,B.,,Louie Gohmert,N00026148,Unknown,Jr.,01801,50029.0,Q532647,Louie Gohmert
Bob Goodlatte,G000289,1952-09-22,27025.0,['H2VA06115'],Bob,M,kg:/m/0284s7,400154,13929.0,39308.0,Goodlatte,,262.0,W.,,Bob Goodlatte,N00009154,Christian Scientist,,00446,27116.0,Q887952,Bob Goodlatte
Paul Gosar,G000565,1958-11-22,62470.0,['H0AZ01259'],Paul,M,kg:/m/0czdqz0,412397,14283.0,21103.0,Gosar,,1411.0,A.,,Paul A. Gosar,N00030771,,,01992,123491.0,Q2059832,Paul Gosar
Trey Gowdy,G000566,1964-08-22,9268950.0,['H0SC04257'],Trey,M,kg:/m/0c3x3rz,412473,14284.0,21175.0,Gowdy,,1478.0,,,Trey Gowdy,N00030880,,,02058,121782.0,Q1822266,Trey Gowdy
,G000377,1943-01-18,45709.0,['H6TX12060'],Kay,F,kg:/m/03tndx,400157,14039.0,29762.0,Granger,,264.0,,,Kay Granger,N00008799,Methodist,,01487,334.0,Q468807,Kay Granger
Chuck Grassley,G000386,1933-09-17,1167.0,['S0IA00028'],Charles,M,kg:/m/020ymy,300048,14050.0,14226.0,Grassley,S153,570.0,E.,Chuck,Chuck Grassley,N00001758,Baptist,,00457,53293.0,Q529294,Chuck Grassley
,G000546,1963-11-07,89873.0,['H0MO06073'],Sam,M,kg:/m/03tnfy,400158,14251.0,20124.0,Graves,,265.0,B.,,Sam Graves,N00013323,Baptist,,01656,9425.0,Q465638,Sam Graves
Tom Graves,G000560,1970-02-03,11519.0,['H0GA09030'],Tom,M,kg:/m/0c02hpl,412388,14278.0,20962.0,Graves,,1369.0,,,Tom Graves,N00030788,,,01979,31969.0,Q1647301,Tom Graves
Al Green,G000553,1947-09-01,1012969.0,['H4TX09095'],Al,M,kg:/m/02kn0_,400653,14265.0,20529.0,Green,,658.0,,,Al Green,N00026686,Unknown,,01803,49680.0,Q749039,Al Green (politician)
,G000410,1947-10-17,26156.0,['H2TX29030'],Gene,M,kg:/m/03v12k,400160,14085.0,39304.0,Green,,266.0,Eugene,,Gene Green,N00005870,Methodist,,00462,27100.0,Q539587,Gene Green
Morgan Griffith,G000568,1958-03-15,62766.0,['H0VA09055'],H.,M,kg:/m/025vdrq,412485,14288.0,21191.0,Griffith,,1490.0,Morgan,,H. Morgan Griffith,N00032029,,,02070,5148.0,Q1684857,Morgan Griffith
Raul M. Grijalva,G000551,1948-02-19,1003551.0,['H2AZ07070'],Raúl,M,kg:/m/024s1z,400162,14261.0,20305.0,Grijalva,,268.0,M.,,Raúl M. Grijalva,N00025284,Roman Catholic,,01708,28253.0,Q946606,Raúl Grijalva
Brett Guthrie,G000558,1964-02-18,1031343.0,['H8KY02031'],Brett,M,kg:/m/0411qqt,412278,14275.0,20916.0,Guthrie,,760.0,,,Brett Guthrie,N00029675,,,01922,18829.0,Q910794,Brett Guthrie
Luis V. Gutierrez,G000535,1953-12-10,23476.0,['H2IL08039'],Luis,M,kg:/m/0256d5,400163,14235.0,29348.0,Gutiérrez,,269.0,V.,,Luis V. Gutiérrez,N00004874,Roman Catholic,,00478,26841.0,Q718127,Luis Gutiérrez
,H001045,1956-06-01,1031347.0,['H8MS03067'],Gregg,M,kg:/m/0406s7r,412280,15586.0,20925.0,Harper,,762.0,,,Gregg Harper,N00029632,,,01933,101985.0,Q1545023,Gregg Harper
,H001052,1957-01-25,1033464.0,['H8MD01094'],Andy,M,kg:/m/02852wc,412434,15599.0,21139.0,Harris,,1445.0,,,Andy Harris,N00029147,,,02026,19157.0,Q506639,Andy Harris (politician)
Vicky Hartzler,H001053,1960-10-13,95050.0,['H0MO04086'],Vicky,F,kg:/m/09v2dv4,412444,15601.0,21149.0,Hartzler,,1454.0,,,Vicky Hartzler,N00031005,,,02032,8783.0,Q375389,Vicky Hartzler
Alcee L. Hastings,H000324,1936-09-05,1858.0,['H2FL23021'],Alcee,M,kg:/m/02534d,400170,14683.0,29337.0,Hastings,,276.0,L.,,Alcee L. Hastings,N00002884,African Methodist Episcopal,,00511,26798.0,Q1758631,Alcee Hastings
Martin Heinrich,H001046,1971-10-17,1030686.0,"['H8NM01224', 'S2NM00088']",Martin,M,kg:/m/02qkv0r,412281,15588.0,20930.0,Heinrich,S359,763.0,,,Martin Heinrich,N00029835,,,01937,74517.0,Q565374,Martin Heinrich
Jeb Hensarling,H001036,1957-05-29,1003619.0,['H2TX05121'],Jeb,M,kg:/m/0h23n6,400175,15568.0,20352.0,Hensarling,,281.0,,,Jeb Hensarling,N00024922,Christian,,01749,49827.0,Q538785,Jeb Hensarling
,H001056,1978-11-03,95198.0,['H0WA03187'],Jaime,F,kg:/m/0cz8yx2,412486,15606.0,21187.0,Herrera Beutler,,1491.0,,,Jaime Herrera Beutler,N00031559,,,02071,101907.0,Q168592,Jaime Herrera Beutler
Brian Higgins,H001038,1959-10-06,1013050.0,['H4NY27076'],Brian,M,kg:/m/04fc7g,400641,15572.0,20519.0,Higgins,,647.0,M.,,Brian Higgins,N00027060,,,01794,23127.0,Q505581,Brian Higgins
Jim Himes,H001047,1966-07-05,1031341.0,['H8CT04172'],James,M,kg:/m/03w9x9v,412282,15590.0,20907.0,Himes,,764.0,A.,,James A. Himes,N00029070,,,01913,106744.0,Q1689111,Jim Himes
Mazie K. Hirono,H001042,1947-11-03,91216.0,"['H6HI02251', 'S2HI00106']",Mazie,F,kg:/m/0357cd,412200,15580.0,20713.0,Hirono,S361,687.0,K.,,Mazie K. Hirono,N00028139,,,01844,1677.0,Q16476,Mazie Hirono
John Hoeven,H001061,1957-03-13,85233.0,['S0ND00093'],John,M,kg:/m/01qb45,412494,,41107.0,Hoeven,S344,1499.0,,,John Hoeven,N00031688,,,02079,41788.0,Q374762,John Hoeven
Steny Hoyer,H000874,1939-06-14,1919.0,['H2MD05155'],Steny,M,kg:/m/025k5p,400189,15365.0,14873.0,Hoyer,,293.0,H.,,Steny H. Hoyer,N00001821,Baptist,,00566,26890.0,Q516515,Steny Hoyer
Bill Huizenga,H001058,1969-01-31,1033765.0,['H0MI02094'],Bill,M,kg:/m/05b0j1w,412437,15610.0,21142.0,Huizenga,,1448.0,,,Bill Huizenga,N00030673,,,02028,38351.0,Q862199,Bill Huizenga
Randy Hultgren,H001059,1966-03-01,62575.0,['H0IL14080'],Randy,M,kg:/m/0h0lr9,412422,15612.0,21129.0,Hultgren,,1434.0,,,Randy Hultgren,N00031104,,,02015,18199.0,Q556404,Randy Hultgren
,H001048,1976-12-07,1032398.0,['H8CA52052'],Duncan,M,kg:/m/047tpf2,412283,15592.0,20963.0,Hunter,,765.0,D.,,Duncan Hunter,N00029258,,,01909,104308.0,Q540521,Duncan D. Hunter
Johnny Isakson,I000055,1944-12-28,59135.0,"['S6GA00119', 'H8GA06146']",John,M,kg:/m/02556q,400194,15687.0,29909.0,Isakson,S305,298.0,H.,Johnny,Johnny Isakson,N00002593,Methodist,,01608,1721.0,Q130024,Johnny Isakson
Darrell Issa,I000056,1953-11-01,90066.0,"['H0CA48024', 'S8CA00135']",Darrell,M,kg:/m/01r7wc,400196,15689.0,20107.0,Issa,,300.0,E.,,Darrell E. Issa,N00007017,,,01640,16553.0,Q1166592,Darrell Issa
,J000032,1950-01-12,36819.0,['H4TX18054'],Sheila,F,kg:/m/02fj6h,400199,15730.0,29573.0,Jackson Lee,,338.0,,,Sheila Jackson Lee,N00005818,Seventh Day Adventist,,00588,21692.0,Q461734,Sheila Jackson Lee
Lynn Jenkins,J000290,1963-06-10,1030550.0,['H8KS02090'],Lynn,F,kg:/m/02qdzmy,412284,16069.0,20915.0,Jenkins,,766.0,,,Lynn Jenkins,N00029077,,,01921,18594.0,Q456217,Lynn Jenkins
Bill Johnson (Ohio),J000292,1954-11-10,623472.0,['H0OH06189'],Bill,M,kg:/m/0ds3q2f,412460,16071.0,21162.0,Johnson,,1466.0,,,Bill Johnson,N00032088,,,02046,120649.0,Q862215,Bill Johnson (Ohio politician)
,J000126,1935-12-03,23352.0,['H2TX00015'],Eddie,F,kg:/m/03tn1w,400204,15852.0,39305.0,Johnson,,308.0,Bernice,,Eddie Bernice Johnson,N00008122,Baptist,,00599,27098.0,Q461526,Eddie Bernice Johnson
"Henry C. Johnson, Jr.",J000288,1954-10-02,1020576.0,['H6GA04129'],Henry,M,kg:/m/0flgyy,412199,16065.0,20712.0,Johnson,,686.0,C.,Hank,"Henry C. ""Hank"" Johnson, Jr.",N00027848,,Jr.,01843,68070.0,Q983537,Hank Johnson
Ron Johnson (Wisconsin),J000293,1955-04-08,62835.0,['S0WI00197'],Ron,M,kg:/m/0cmdpzc,412496,,41111.0,Johnson,S345,1501.0,,,Ron Johnson,N00032546,,,02086,126217.0,Q970272,Ron Johnson (U.S. politician)
,J000174,1930-10-11,18711.0,['H2TX03118'],Sam,M,kg:/m/02_21s,400206,15916.0,29143.0,Johnson,,307.0,Robert,,Sam Johnson,N00008028,Methodist,,00603,27079.0,Q539470,Sam Johnson
Walter B. Jones,J000255,1943-02-10,36693.0,['H2NC01081'],Walter,M,kg:/m/03g_r5,400209,16015.0,29546.0,Jones,,309.0,B.,,Walter B. Jones,N00002299,Catholic,Jr.,00612,21785.0,Q512537,Walter B. Jones Jr.
Jim Jordan,J000289,1964-02-17,1022879.0,['H6OH04082'],Jim,M,kg:/m/04l4x5,412226,16067.0,20738.0,Jordan,,711.0,,,Jim Jordan,N00027894,,,01868,8158.0,Q186215,Jim Jordan (U.S. politician)
,K000009,1946-06-17,1458.0,['H2OH09031'],Marcy,F,kg:/m/039s3l,400211,16086.0,15029.0,Kaptur,,312.0,,,Marcy Kaptur,N00003522,Roman Catholic,,00616,27016.0,Q436537,Marcy Kaptur
,K000375,1952-09-06,61856.0,['H0MA10082'],William,M,kg:/m/09v6g7c,412435,16570.0,21140.0,Keating,,1446.0,R.,,William R. Keating,N00031933,,,02025,4743.0,Q775412,Bill Keating (politician)
Mike Kelly,K000376,1948-05-10,62696.0,['H0PA03271'],Mike,M,kg:/m/0ds6wcw,412465,16572.0,21167.0,Kelly,,1471.0,,,Mike Kelly,N00031647,,,02051,119463.0,Q1431761,Mike Kelly (Pennsylvania politician)
Ron Kind,K000188,1963-03-16,45870.0,['H6WI03099'],Ron,M,kg:/m/024ty6,400218,16313.0,29769.0,Kind,,319.0,James,,Ron Kind,N00004403,Lutheran,,01498,630.0,Q505222,Ron Kind
Peter T. King,K000210,1944-04-05,26487.0,['H2NY03089'],Peter,M,kg:/m/03tk4w,400219,16338.0,29375.0,King,,321.0,T.,Pete,Peter T. King,N00001193,Roman Catholic,,00635,26968.0,Q953554,Peter T. King
Steve King,K000362,1949-05-28,1003590.0,['H2IA05072'],Steve,M,kg:/m/025b7g,400220,16548.0,20325.0,King,,320.0,A.,,Steve King,N00025237,Roman Catholic,,01724,10853.0,Q749710,Steve King
Adam Kinzinger,K000378,1978-02-27,62573.0,['H0IL11052'],Adam,M,kg:/m/05q9ypn,412421,16573.0,21128.0,Kinzinger,,1433.0,,,Adam Kinzinger,N00030667,,,02014,116559.0,Q349955,Adam Kinzinger
Raul Labrador,L000573,1967-12-08,94987.0,['H0ID01253'],Raúl,M,kg:/m/0c3zfwm,412419,17322.0,21125.0,Labrador,,1431.0,R.,,Raúl R. Labrador,N00031377,,,02011,57391.0,Q555393,Raúl Labrador
Doug Lamborn,L000564,1954-05-24,1022846.0,['H6CO05159'],Doug,M,kg:/m/0fsgdd,412191,17305.0,20704.0,Lamborn,,678.0,,,Doug Lamborn,N00028133,,,01834,2698.0,Q371106,Doug Lamborn
,L000567,1952-06-25,1031349.0,"['H6NJ12136', 'H8NJ07124']",Leonard,M,kg:/m/077cs4,412290,17311.0,20929.0,Lance,,772.0,,,Leonard Lance,N00000898,,,01936,4443.0,Q1819021,Leonard Lance
Jim Langevin,L000559,1964-04-22,86608.0,['H0RI02139'],James,M,kg:/m/02tvqy,400230,17296.0,20136.0,Langevin,,331.0,R.,Jim,James R. Langevin,N00009724,,,01668,55787.0,Q1397290,James Langevin
James Lankford,L000575,1968-03-04,1033847.0,"['H0OK05114', 'S4OK00232']",James,M,kg:/m/0dgrrx6,412464,17326.0,21166.0,Lankford,S378,1470.0,,,James Lankford,N00031129,,,02050,124938.0,Q45940,James Lankford
,L000560,1965-06-15,86610.0,['H0WA02080'],Rick,M,kg:/m/025953,400232,17298.0,20145.0,Larsen,,333.0,,,Rick Larsen,N00009759,,,01675,56231.0,Q503529,Rick Larsen
John B. Larson,L000557,1948-07-22,36596.0,['H8CT01046'],John,M,kg:/m/024zl9,400233,17292.0,29908.0,Larson,,334.0,B.,,John B. Larson,N00000575,,,01583,17188.0,Q357832,John B. Larson
Robert E. Latta,L000566,1956-04-18,1028071.0,['H8OH05036'],Robert,M,kg:/m/02z6_j1,412256,17309.0,20755.0,Latta,,737.0,E.,,Robert E. Latta,N00012233,,,01885,9926.0,Q888061,Bob Latta
Patrick Leahy,L000174,1940-03-31,1552.0,['S4VT00017'],Patrick,M,kg:/m/0202kf,300065,,14307.0,Leahy,S057,586.0,J.,,Patrick J. Leahy,N00009918,Roman Catholic,,01383,53353.0,Q59315,Patrick Leahy
,L000551,1946-07-16,54579.0,['H8CA09060'],Barbara,F,kg:/m/024sjy,400237,17282.0,29778.0,Lee,,337.0,,,Barbara Lee,N00008046,Baptist,,01501,8315.0,Q289317,Barbara Lee
Mike Lee,L000577,1971-06-04,9267977.0,['S0UT00165'],Mike,M,kg:/m/09v5q9x,412495,,41110.0,Lee,S346,1500.0,,,Mike Lee,N00031696,,,02080,66395.0,Q627098,Mike Lee (U.S. politician)
Sander Levin,L000263,1931-09-06,251.0,['H2MI17023'],Sander,M,kg:/m/02n8p2,400238,16921.0,15033.0,Levin,,339.0,M.,,Sander M. Levin,N00003950,Jewish,,00683,26918.0,Q971943,Sander Levin
John Lewis (Georgia),L000287,1940-02-21,2528.0,['H6GA05217'],John,M,kg:/m/02555z,400240,16948.0,15431.0,Lewis,,341.0,R.,,John Lewis,N00002577,Baptist,,00688,26820.0,Q45380,John Lewis (Georgia politician)
Daniel Lipinski,L000563,1966-07-15,1013046.0,['H4IL03077'],Daniel,M,kg:/m/0508fv,400630,17303.0,20508.0,Lipinski,,636.0,William,,Daniel Lipinski,N00027239,,,01781,33692.0,Q518424,Dan Lipinski
Frank LoBiondo,L000554,1946-05-12,30867.0,['H2NJ02037'],Frank,M,kg:/m/025y0c,400244,17288.0,29539.0,LoBiondo,,344.0,A.,,Frank A. LoBiondo,N00000851,Roman Catholic,,00699,21890.0,Q616850,Frank LoBiondo
Dave Loebsack,L000565,1952-12-23,1022883.0,['H6IA02146'],David,M,kg:/m/0gtmqs,412209,17307.0,20720.0,Loebsack,,694.0,,,David Loebsack,N00027741,,,01846,68964.0,Q771586,Dave Loebsack
Zoe Lofgren,L000397,1947-12-21,36520.0,['H4CA16049'],Zoe,F,kg:/m/024t94,400245,17087.0,29504.0,Lofgren,,345.0,,,Zoe Lofgren,N00007479,Lutheran,,00701,21899.0,Q218217,Zoe Lofgren
,L000576,1955-08-11,61880.0,['H0MO07113'],Billy,M,kg:/m/0ds17_9,412445,17328.0,21150.0,Long,,1455.0,,,Billy Long,N00030676,,,02033,123401.0,Q863171,Billy Long
Nita Lowey,L000480,1937-07-05,6110.0,['H8NY20056'],Nita,F,kg:/m/03tv8l,400246,17192.0,15612.0,Lowey,,346.0,M.,,Nita M. Lowey,N00001024,Jewish,,00709,26982.0,Q460652,Nita Lowey
Frank D. Lucas,L000491,1960-01-06,35692.0,['H4OK06056'],Frank,M,kg:/m/033tnk,400247,17205.0,29393.0,Lucas,,347.0,D.,,Frank D. Lucas,N00005559,Baptist,,00711,27032.0,Q246049,Frank Lucas (Oklahoma politician)
,L000569,1952-05-07,1031348.0,['H8MO09153'],Blaine,M,kg:/m/04ycpq1,412292,17315.0,20926.0,Luetkemeyer,,774.0,,,Blaine Luetkemeyer,N00030026,,,01931,20400.0,Q522181,Blaine Luetkemeyer
,L000570,1972-06-07,1031351.0,['H8NM03196'],Ben,M,kg:/m/0412qzq,412293,17317.0,20932.0,Luján,,775.0,Ray,,Ben Ray Luján,N00029562,,,01939,102842.0,Q324256,Ben Ray Luján
Stephen Lynch,L000562,1955-03-31,1000222.0,"['H2MA09072', 'S0MA00083']",Stephen,M,kg:/m/028vsz,400249,17301.0,20119.0,Lynch,,348.0,F.,,Stephen F. Lynch,N00013855,,,01686,4844.0,Q2344921,Stephen F. Lynch
Carolyn B. Maloney,M000087,1946-02-19,26162.0,['H2NY14037'],Carolyn,F,kg:/m/03txd5,400251,17437.0,29379.0,Maloney,,349.0,B.,,Carolyn B. Maloney,N00000078,Presbyterian,,00729,26978.0,Q455833,Carolyn Maloney
,M001158,1951-02-23,1013059.0,['H4TX24094'],Kenny,M,kg:/m/04cvjb,400656,18788.0,20532.0,Marchant,,661.0,Ewell,,Kenny Marchant,N00026710,Nazarene,,01806,5549.0,Q368184,Kenny Marchant
Tom Marino,M001179,1952-08-15,95129.0,['H0PA10078'],Tom,M,kg:/m/02qv_mf,412468,18828.0,21170.0,Marino,,1473.0,,,Tom Marino,N00031777,,,02053,119478.0,Q2439864,Tom Marino
Ed Markey,M000133,1946-07-11,260.0,"['H6MA07101', 'S4MA00028']",Edward,M,kg:/m/028vr4,400253,17493.0,14435.0,Markey,S369,351.0,J.,Ed,Edward J. Markey,N00000270,Roman Catholic,,00735,26900.0,Q1282411,Ed Markey
,M001163,1944-09-25,26602.0,['H6CA05195'],Doris,F,kg:/m/059hdf,400663,18797.0,20538.0,Matsui,,668.0,O.,,Doris O. Matsui,N00027459,,,01814,28593.0,Q399561,Doris Matsui
John McCain,M000303,1936-08-29,7476.0,"['S6AZ00019', 'P80002801']",John,M,kg:/m/0bymv,300071,17696.0,15039.0,McCain,S197,592.0,S.,,John McCain,N00006424,Episcopalian,,00754,53270.0,Q10390,John McCain
Kevin McCarthy (California),M001165,1965-01-26,85231.0,"['H6CA22125', 'H2CA23148']",Kevin,M,kg:/m/074qxm,412190,18801.0,20703.0,McCarthy,,677.0,,,Kevin McCarthy,N00028152,,,01833,28918.0,Q766866,Kevin McCarthy (California politician)
Michael McCaul,M001157,1962-01-14,1013056.0,['H4TX10093'],Michael,M,kg:/m/0492cz,400654,18786.0,20530.0,McCaul,,659.0,T.,,Michael T. McCaul,N00026460,Unknown,,01804,49210.0,Q539509,Michael McCaul
,M001177,1956-07-10,30359.0,"['H8CA04152', 'H6CA21135']",Tom,M,kg:/m/01r6jp,412295,18824.0,20903.0,McClintock,,777.0,,,Tom McClintock,N00006863,,,01908,9715.0,Q535887,Tom McClintock
Betty McCollum,M001143,1954-07-12,86670.0,['H0MN04049'],Betty,F,kg:/m/0249hy,400259,18758.0,20122.0,McCollum,,356.0,Louise,,Betty McCollum,N00012942,Roman Catholic,,01653,3812.0,Q434893,Betty McCollum
,M000312,1959-11-20,45976.0,['H4MA03022'],James,M,kg:/m/028vn7,400263,17711.0,29729.0,McGovern,,360.0,P.,Jim,James P. McGovern,N00000179,Catholic,,01504,552.0,Q1337459,Jim McGovern (U.S. politician)
Patrick T. McHenry,M001156,1975-10-22,1007062.0,['H4NC10047'],Patrick,M,kg:/m/02b4rz,400644,18784.0,20522.0,McHenry,,650.0,T.,,Patrick T. McHenry,N00026627,,,01792,21031.0,Q2057809,Patrick McHenry
David McKinley,M001180,1947-03-28,9269013.0,['H0WV01072'],David,M,kg:/m/0crj8tf,412487,18830.0,21188.0,McKinley,,1492.0,B.,,David B. McKinley,N00031681,,,02074,117396.0,Q1175610,David McKinley
Cathy McMorris Rodgers,M001159,1969-05-22,1013063.0,['H4WA05077'],Cathy,F,kg:/m/03dlf3,400659,18790.0,20535.0,McMorris Rodgers,,664.0,,,Cathy McMorris Rodgers,N00026314,,,01809,3217.0,Q293343,Cathy McMorris Rodgers
,M001166,1951-06-18,1021667.0,['H4CA11081'],Jerry,M,kg:/m/07zk65,412189,18803.0,20702.0,McNerney,,676.0,,,Jerry McNerney,N00026926,,,01832,29474.0,Q1344743,Jerry McNerney
Patrick Meehan,M001181,1955-10-20,1033856.0,['H0PA07082'],Patrick,M,kg:/m/03m4jty,412466,18832.0,21168.0,Meehan,,1472.0,,,Patrick Meehan,N00031134,,,02052,119474.0,Q2056533,Pat Meehan
,M001137,1953-09-25,53469.0,['H8NY06048'],Gregory,M,kg:/m/024_3b,400271,18747.0,29776.0,Meeks,,367.0,W.,,Gregory W. Meeks,N00001171,African Methodist Episcopal,,01506,4360.0,Q1545391,Gregory Meeks
Gwen Moore,M001160,1951-04-18,42548.0,['H4WI04183'],Gwen,F,kg:/m/04cvds,400661,18792.0,20537.0,Moore,,666.0,,,Gwen Moore,N00026914,Unknown,,01811,3457.0,Q461698,Gwen Moore
Jerry Moran,M000934,1954-05-29,45469.0,"['H6KS01096', 'S0KS00091']",Jerry,M,kg:/m/024s8t,400284,18505.0,29722.0,Moran,S347,379.0,,,Jerry Moran,N00005282,Methodist,,01507,542.0,Q1365787,Jerry Moran
Mick Mulvaney,M001182,1967-07-21,623510.0,['H0SC05031'],Mick,M,kg:/m/0cp1sr_,412474,18833.0,21176.0,Mulvaney,,1479.0,,,Mick Mulvaney,N00031412,,,02059,60348.0,Q1235731,Mick Mulvaney
Lisa Murkowski,M001153,1957-05-22,1004138.0,['S4AK00099'],Lisa,F,kg:/m/0202kt,300075,18778.0,40300.0,Murkowski,S288,595.0,A.,,Lisa Murkowski,N00026050,Roman Catholic,,01694,15841.0,Q22360,Lisa Murkowski
Christopher S. Murphy,M001169,1973-08-03,1021270.0,"['H6CT05124', 'S2CT00132']",Christopher,M,kg:/m/0cy_dh,412194,18809.0,20707.0,Murphy,S364,681.0,S.,,Christopher Murphy,N00027566,,,01837,17189.0,Q1077594,Chris Murphy (Connecticut politician)
,M001151,1952-09-11,1003612.0,['H2PA18143'],Tim,M,kg:/m/0517t7,400285,18774.0,20346.0,Murphy,,381.0,,,Tim Murphy,N00024992,Roman Catholic,,01744,9794.0,Q2434181,Timothy F. Murphy
Patty Murray,M001111,1950-10-11,25277.0,['S2WA00189'],Patty,F,kg:/m/018qx5,300076,18715.0,49308.0,Murray,S229,596.0,,,Patty Murray,N00007876,Roman Catholic,,01409,53358.0,Q258825,Patty Murray
,N000002,1947-06-13,26159.0,['H2NY17071'],Jerrold,M,kg:/m/03tk11,400289,18837.0,29377.0,Nadler,,385.0,L.,,Jerrold Nadler,N00000939,Jewish,,00850,26980.0,Q505598,Jerrold Nadler
,N000179,1936-12-04,57873.0,['H8CA34068'],Grace,F,kg:/m/024v0s,400290,19055.0,29903.0,Napolitano,,386.0,F.,,Grace F. Napolitano,N00006789,Roman Catholic,,01602,8393.0,Q469139,Grace Napolitano
,N000015,1949-02-14,6103.0,['H8MA02041'],Richard,M,kg:/m/028vm4,400291,18855.0,15616.0,Neal,,387.0,E.,,Richard E. Neal,N00000153,Roman Catholic,,00854,26895.0,Q1464697,Richard Neal
Kristi Noem,N000184,1971-11-30,62717.0,['H0SD00054'],Kristi,F,kg:/m/0c3xgn9,412475,19064.0,21177.0,Noem,,1480.0,L.,,Kristi L. Noem,N00032022,,,02060,58189.0,Q465749,Kristi Noem
,N000147,1937-06-13,882.0,['H0DC00058'],Eleanor,F,kg:/m/01s_vp,400295,19016.0,,Norton,,390.0,Holmes,,Eleanor Holmes Norton,N00001692,Episcopalian,,00868,775.0,Q461649,Eleanor Holmes Norton
,N000181,1973-10-01,1003553.0,['H8CA20059'],Devin,M,kg:/m/024tds,400297,19058.0,20307.0,Nunes,,392.0,G.,,Devin Nunes,N00007248,Roman Catholic,,01710,16725.0,Q539493,Devin Nunes
,O000168,1962-12-09,1031361.0,['H8TX22107'],Pete,M,kg:/m/0407vf_,412302,19278.0,20948.0,Olson,,784.0,,,Pete Olson,N00029285,,,01955,102008.0,Q2073303,Pete Olson
,P000601,1970-02-21,61886.0,['H0MS04120'],Steven,M,kg:/m/0c3y_s5,412443,20039.0,21148.0,Palazzo,,1453.0,M.,,Steven M. Palazzo,N00031958,,,02035,69521.0,Q24230,Steven Palazzo
,P000034,1951-10-30,6107.0,"['H8NJ03073', 'S6NJ00263']",Frank,M,kg:/m/0g6t5w,400308,19321.0,15454.0,Pallone,,402.0,J.,,"Frank Pallone, Jr.",N00000781,Catholic,Jr.,00887,26951.0,Q965289,Frank Pallone
,P000096,1937-01-25,45543.0,['H6NJ08118'],Bill,M,kg:/m/03txs_,400309,19391.0,29741.0,Pascrell,,403.0,J.,,"Bill Pascrell, Jr.",N00000751,Catholic,Jr.,01510,478.0,Q529090,Bill Pascrell
Rand Paul,P000603,1963-01-07,9265241.0,['S0KY00156'],Rand,M,kg:/m/05pdb7q,412492,,41104.0,Paul,S348,1497.0,,,Rand Paul,N00030836,,,02082,117285.0,Q463557,Rand Paul
Erik Paulsen,P000594,1965-05-14,1030000.0,['H8MN03077'],Erik,M,kg:/m/0407tc8,412303,20026.0,20924.0,Paulsen,,785.0,,,Erik Paulsen,N00029391,,,01930,3833.0,Q466085,Erik Paulsen
Steve Pearce,P000588,1947-08-24,12063.0,"['H2NM02126', 'S0NM00041']",Stevan,M,kg:/m/033t2h,400313,20015.0,20337.0,Pearce,,407.0,E.,Steve,Stevan Pearce,N00012672,,,01738,10655.0,Q947168,Steve Pearce (politician)
Nancy Pelosi,P000197,1940-03-26,6153.0,['H8CA05035'],Nancy,F,kg:/m/012v1t,400314,19519.0,15448.0,Pelosi,,408.0,,,Nancy Pelosi,N00007360,Roman Catholic,,00905,26732.0,Q170581,Nancy Pelosi
Ed Perlmutter,P000593,1953-05-01,1021382.0,['H6CO07023'],Ed,M,kg:/m/07n9ns,412192,20024.0,20705.0,Perlmutter,,679.0,,,Ed Perlmutter,N00027510,,,01835,2653.0,Q331507,Ed Perlmutter
Gary Peters,P000595,1958-12-01,50199.0,"['H8MI09068', 'S4MI00355']",Gary,M,kg:/m/02x0lnt,412305,20028.0,20923.0,Peters,S380,787.0,C.,,Gary C. Peters,N00029277,,,01929,8749.0,Q1494930,Gary Peters (politician)
Collin Peterson,P000258,1944-06-29,23978.0,['H2MN07014'],Collin,M,kg:/m/02h2my,400316,19595.0,29127.0,Peterson,,410.0,Clark,,Collin C. Peterson,N00004558,Lutheran,,00910,26926.0,Q434458,Collin Peterson
Chellie Pingree,P000597,1955-04-02,1002167.0,"['H8ME01120', 'S0ME00038']",Chellie,F,kg:/m/05gflq,412307,20032.0,20920.0,Pingree,,789.0,,,Chellie Pingree,N00013817,,,01927,6586.0,Q457243,Chellie Pingree
Ted Poe,P000592,1948-09-10,1011398.0,['H4TX02108'],Ted,M,kg:/m/04928s,400652,20022.0,20528.0,Poe,,657.0,,,Ted Poe,N00026457,Unknown,,01802,49198.0,Q532661,Ted Poe
Jared Polis,P000598,1975-05-12,1031300.0,['H8CO02137'],Jared,M,kg:/m/02qckk4,412308,20034.0,20904.0,Polis,,790.0,,,Jared Polis,N00029127,,,01910,106220.0,Q935734,Jared Polis
Mike Pompeo,P000602,1963-12-30,623387.0,['H0KS04051'],Mike,M,kg:/m/0cnxjk7,412431,20041.0,21136.0,Pompeo,,1442.0,,,Mike Pompeo,N00030744,,,02022,125023.0,Q473239,Mike Pompeo
Rob Portman,P000449,1955-12-19,31819.0,"['S0OH00133', 'H4OH02032']",Robert,M,kg:/m/0343xg,400325,19838.0,29386.0,Portman,S349,419.0,J.,Rob,Rob Portman,N00003682,Methodist,,00924,27008.0,Q926069,Rob Portman
Bill Posey,P000599,1947-12-18,88959.0,['H8FL15107'],Bill,M,kg:/m/0281vxy,412309,20036.0,20909.0,Posey,,791.0,,,Bill Posey,N00029662,,,01915,24280.0,Q862373,Bill Posey
David Price,P000523,1940-08-17,6748.0,['H6NC04037'],David,M,kg:/m/034dxn,400326,19927.0,15438.0,Price,,420.0,E.,,David E. Price,N00002260,Baptist,,00930,119.0,Q984010,David Price (U.S. politician)
Tom Price,P000591,1954-10-08,1013044.0,['H4GA06087'],Tom,M,kg:/m/04z48c,400626,20020.0,20505.0,Price,,632.0,,,Tom Price,N00026160,,,01778,11853.0,Q1415243,Tom Price (U.S. politician)
Michael Quigley,Q000023,1958-10-17,9263344.0,['H0IL05096'],Mike,M,kg:/m/0fccwh,412331,20072.0,20954.0,Quigley,,1186.0,,,Mike Quigley,N00030581,,,01967,83310.0,Q465767,Mike Quigley (politician)
,R000585,1971-11-18,623468.0,['H0NY29054'],Tom,M,kg:/m/07kf86m,412393,20811.0,21101.0,Reed,,1374.0,W.,,Tom Reed,N00030949,,II,01982,127046.0,Q2440035,Tom Reed (politician)
David Reichert,R000578,1950-08-29,1013064.0,['H4WA08071'],David,M,kg:/m/03dllc,400660,20801.0,20536.0,Reichert,,665.0,G.,,David G. Reichert,N00026885,,,01810,51346.0,Q456464,Dave Reichert
Jim Renacci,R000586,1958-12-03,62686.0,['H0OH16097'],James,M,kg:/m/025v2hb,412462,20813.0,21164.0,Renacci,,1468.0,B.,,James B. Renacci,N00031127,,,02048,120678.0,Q976676,Jim Renacci
Cedric Richmond,R000588,1973-09-13,62391.0,['H8LA02054'],Cedric,M,kg:/m/0bbw8s3,412432,20816.0,21137.0,Richmond,,1443.0,L.,,Cedric L. Richmond,N00030184,,,02023,35384.0,Q561284,Cedric Richmond
Martha Roby,R000591,1976-07-27,61712.0,['H0AL02087'],Martha,F,kg:/m/0drx5mb,412394,20821.0,21192.0,Roby,,1408.0,,,Martha Roby,N00030768,,,01986,71604.0,Q439117,Martha Roby
,R000582,1945-07-21,1031360.0,['H6TN01388'],David,M,kg:/m/04gtg5_,412310,20807.0,20947.0,Roe,,792.0,P.,Phil,David P. Roe,N00028463,,,01954,65306.0,Q1665842,Phil Roe (politician)
Harold Rogers,R000395,1937-12-31,6739.0,['H0KY05015'],Harold,M,kg:/m/025jnx,400340,20573.0,14854.0,Rogers,,434.0,,Hal,Harold Rogers,N00003473,Baptist,,00977,26875.0,Q547153,Hal Rogers
Mike Rogers (Alabama),R000575,1958-07-16,1014740.0,['H2AL03032'],Mike,M,kg:/m/024n_s,400341,20795.0,20301.0,Rogers,,433.0,,,Mike Rogers,N00024759,,,01704,5705.0,Q693238,Mike Rogers (Alabama politician)
,R000409,1947-06-21,5590.0,['H8CA42061'],Dana,M,kg:/m/02gtr,400343,20593.0,15621.0,Rohrabacher,,436.0,T.,,Dana Rohrabacher,N00007151,Christian,,00979,26763.0,Q983055,Dana Rohrabacher
Todd Rokita,R000592,1970-02-09,61832.0,['H0IN04170'],Todd,M,kg:/m/0bll9p,412426,20822.0,21131.0,Rokita,,1437.0,,,Todd Rokita,N00031741,,,02017,34167.0,Q1521384,Todd Rokita
Thomas J. Rooney,R000583,1970-11-21,1030486.0,['H8FL16022'],Thomas,M,kg:/m/04jl2j4,412311,20809.0,20910.0,Rooney,,793.0,J.,,Thomas J. Rooney,N00029018,,,01916,107800.0,Q506110,Tom Rooney (politician)
Ileana Ros-Lehtinen,R000435,1952-07-15,3206.0,['H0FL18025'],Ileana,F,kg:/m/02530d,400344,20624.0,15634.0,Ros-Lehtinen,,437.0,,,Ileana Ros-Lehtinen,N00002858,Roman Catholic,,00985,26815.0,Q265791,Ileana Ros-Lehtinen
Peter Roskam,R000580,1961-09-13,1021912.0,"['H6IL06117', 'H8IL13051']",Peter,M,kg:/m/0gj190,412202,20803.0,20715.0,Roskam,,689.0,J.,,Peter J. Roskam,N00004719,,,01848,6382.0,Q968214,Peter Roskam
Dennis A. Ross,R000593,1959-10-18,62532.0,['H0FL12101'],Dennis,M,kg:/m/0bmd7xs,412411,20823.0,21117.0,Ross,,1423.0,A.,,Dennis A. Ross,N00030645,,,02003,12813.0,Q1188940,Dennis A. Ross
,R000486,1941-06-12,26136.0,['H2CA33048'],Lucille,F,kg:/m/024txf,400347,20686.0,29317.0,Roybal-Allard,,440.0,,,Lucille Roybal-Allard,N00006671,Roman Catholic,,00997,26766.0,Q469115,Lucille Roybal-Allard
,R000487,1951-10-12,28461.0,['H6CA39020'],Edward,M,kg:/m/024xcy,400348,20688.0,29321.0,Royce,,441.0,R.,Ed,Edward R. Royce,N00008264,Roman Catholic,,00998,26772.0,Q1282477,Ed Royce
Marco Rubio,R000595,1971-05-28,87599.0,['S0FL00338'],Marco,M,kg:/m/0dpr5f,412491,,41102.0,Rubio,S350,1496.0,,,Marco Rubio,N00030612,,,02084,1601.0,Q324546,Marco Rubio
,R000576,1946-01-31,49155.0,['H2MD02160'],C.,M,kg:/m/025k36,400349,20797.0,20329.0,Ruppersberger,,442.0,A. Dutch,,C. A. Dutch Ruppersberger,N00025482,Methodist,,01728,36130.0,Q981559,Dutch Ruppersberger
Bobby Rush,R000515,1946-11-23,26127.0,['H2IL01042'],Bobby,M,kg:/m/0255x3,400350,20721.0,29346.0,Rush,,443.0,L.,,Bobby L. Rush,N00004887,Protestant,,01003,26831.0,Q888599,Bobby Rush
Paul Ryan,R000570,1970-01-29,57970.0,['H8WI01024'],Paul,M,kg:/m/024v2j,400351,20785.0,29939.0,Ryan,,445.0,D.,,Paul D. Ryan,N00004357,Roman Catholic,,01560,26344.0,Q203966,Paul Ryan
Tim Ryan (Ohio),R000577,1973-07-16,1003608.0,['H2OH17109'],Tim,M,kg:/m/039tr9,400352,20799.0,20343.0,Ryan,,444.0,J.,,Tim Ryan,N00025280,Roman Catholic,,01756,45638.0,Q513960,Tim Ryan (politician)
,S001177,1955-01-19,1031366.0,['H8MP00041'],Gregorio,M,kg:/m/04ycmvy,412312,22610.0,,Sablan,,794.0,Kilili Camacho,,Gregorio Kilili Camacho Sablan,N00030418,,,01962,110903.0,Q3116336,Gregorio Sablan
,S001168,1962-05-22,1022884.0,['H6MD03292'],John,M,kg:/m/08_r8n,412212,22592.0,20724.0,Sarbanes,,697.0,P.,,John P. Sarbanes,N00027751,,,01854,66575.0,Q984509,John Sarbanes
Steve Scalise,S001176,1965-10-06,1015311.0,['H0LA01087'],Steve,M,kg:/m/0br34c,412261,22608.0,20759.0,Scalise,,742.0,Joseph,,Steve Scalise,N00009660,,,01892,9026.0,Q1857141,Steve Scalise
Jan Schakowsky,S001145,1944-05-26,57874.0,['H8IL09067'],Janice,F,kg:/m/0256nw,400360,22550.0,29911.0,Schakowsky,,452.0,D.,Jan,Janice D. Schakowsky,N00004724,Jewish,,01588,6387.0,Q440885,Jan Schakowsky
Adam Schiff,S001150,1960-06-22,90167.0,['H0CA27085'],Adam,M,kg:/m/024tls,400361,22560.0,20104.0,Schiff,,453.0,B.,,Adam B. Schiff,N00009585,,,01635,9489.0,Q350843,Adam Schiff
Kurt Schrader,S001180,1951-10-19,1031358.0,['H8OR05107'],Kurt,M,kg:/m/0412ntl,412315,22616.0,20944.0,Schrader,,797.0,,,Kurt Schrader,N00030071,,,01950,10813.0,Q1387868,Kurt Schrader
Chuck Schumer,S000148,1950-11-23,5929.0,"['S8NY00082', 'H0NY16010']",Charles,M,kg:/m/01w74d,300087,21322.0,14858.0,Schumer,S270,606.0,E.,Chuck,Charles E. Schumer,N00001093,Jewish,,01036,26976.0,Q380900,Chuck Schumer
David Schweikert,S001183,1962-03-03,5205.0,"['H4AZ06045', 'H8AZ05097']",David,M,kg:/m/03wbpxj,412399,22621.0,21105.0,Schweikert,,1413.0,,,David Schweikert,N00006460,,,01994,106387.0,Q1176561,David Schweikert
Austin Scott,S001189,1969-12-10,623344.0,['H0GA08099'],Austin,M,kg:/m/076zn3y,412417,22631.0,21123.0,Scott,,1429.0,,,Austin Scott,N00032457,,,02009,11812.0,Q781167,Austin Scott (politician)
David Scott (Georgia),S001157,1945-06-27,1003567.0,['H2GA13012'],David,M,kg:/m/0255r4,400363,22574.0,20321.0,Scott,,454.0,,,David Scott,N00024871,Baptist,,01722,7826.0,Q132071,David Scott (Georgia politician)
Robert C. Scott,S000185,1947-04-30,25888.0,['H6VA01117'],Robert,M,kg:/m/03twgl,400364,21368.0,39307.0,Scott,,455.0,C.,Bobby,"Robert C. ""Bobby"" Scott",N00002147,Episcopalian,,01037,27117.0,Q888668,Bobby Scott (politician)
Tim Scott,S001184,1965-09-19,623506.0,"['H0SC01279', 'S4SC00240']",Tim,M,kg:/m/0c407g6,412471,22623.0,21173.0,Scott,S365,1476.0,,,Tim Scott,N00031782,,,02056,11940.0,Q561315,Tim Scott
Jim Sensenbrenner,S000244,1943-06-14,1507.0,['H8WI09050'],F.,M,kg:/m/024tp2,400365,21438.0,14657.0,Sensenbrenner,,456.0,James,,"F. James Sensenbrenner, Jr.",N00004291,Episcopalian,Jr.,01041,27142.0,Q952268,Jim Sensenbrenner
,S000248,1943-10-24,14306.0,['H0NY18065'],José,M,kg:/m/03s6z9,400366,21443.0,29134.0,Serrano,,457.0,E.,,José E. Serrano,N00001813,Roman Catholic,,01042,26981.0,Q460267,José E. Serrano
Pete Sessions,S000250,1955-03-22,36807.0,['H2TX03126'],Pete,M,kg:/m/03v39l,400367,21446.0,29759.0,Sessions,,458.0,A.,,Pete Sessions,N00005681,Methodist,,01525,288.0,Q437852,Pete Sessions
Terri Sewell,S001185,1965-01-01,623257.0,['H0AL07086'],Terri,F,kg:/m/05pbszt,412396,22624.0,21102.0,Sewell,,1410.0,A.,,Terri A. Sewell,N00030622,,,01988,121621.0,Q461621,Terri Sewell
Richard Shelby,S000320,1934-05-06,1859.0,['S6AL00013'],Richard,M,kg:/m/020yj1,300089,21534.0,14659.0,Shelby,S184,608.0,C.,,Richard C. Shelby,N00009920,Presbyterian,,01049,53266.0,Q472254,Richard Shelby
,S000344,1954-10-24,45124.0,['H6CA24113'],Brad,M,kg:/m/024tkr,400371,21565.0,29707.0,Sherman,,462.0,J.,,Brad Sherman,N00006897,Jewish,,01526,142.0,Q672919,Brad Sherman
John M. Shimkus,S000364,1958-02-21,30623.0,['H2IL20042'],John,M,kg:/m/02573y,400373,21589.0,29718.0,Shimkus,,464.0,M.,,John Shimkus,N00004961,Lutheran,,01527,246.0,Q1701747,John Shimkus
,S001154,1961-01-10,89108.0,['H2PA09035'],Bill,M,kg:/m/03tm89,409888,22568.0,20134.0,Shuster,,669.0,,,Bill Shuster,N00013770,,,01681,55693.0,Q862455,Bill Shuster
Michael K. Simpson,S001148,1950-09-08,57889.0,['H8ID02064'],Michael,M,kg:/m/0255tn,400376,22556.0,29910.0,Simpson,,466.0,K.,Mike,Michael K. Simpson,N00006263,Latter Day Saints,,01590,2917.0,Q549521,Mike Simpson
Albio Sires,S001165,1951-01-26,1022293.0,['H6NJ13191'],Albio,M,kg:/m/08bt8r,412186,22587.0,20542.0,Sires,,673.0,,,Albio Sires,N00027523,,,01818,22510.0,Q527509,Albio Sires
,S000480,1929-08-14,1755.0,['H6NY03031'],Louise,F,kg:/m/03tvt9,400378,21738.0,15444.0,Slaughter,,468.0,McIntosh,,Louise McIntosh Slaughter,N00001311,Episcopalian,,01069,26991.0,Q299833,Louise Slaughter
Adam Smith,S000510,1965-06-15,44329.0,['H6WA09025'],Adam,M,kg:/m/024zj_,400379,21774.0,29768.0,Smith,,471.0,,,Adam Smith,N00007833,Christian,,01528,845.0,Q350916,Adam Smith (politician)
Adrian Smith,S001172,1970-12-19,1022845.0,['H6NE03115'],Adrian,M,kg:/m/0c505n,412217,22600.0,20729.0,Smith,,702.0,,,Adrian Smith,N00027623,,,01860,21284.0,Q373443,Adrian Smith (politician)
,S000522,1953-03-04,6411.0,['H8NJ04014'],Christopher,M,kg:/m/033f4d,400380,21787.0,14863.0,Smith,,469.0,H.,Chris,Christopher H. Smith,N00009816,Roman Catholic,,01071,26952.0,Q981167,Chris Smith (New Jersey politician)
"Texas%27 21st congressional district elections, 2012",S000583,1947-11-19,8884.0,['H6TX21012'],Lamar,M,kg:/m/03twnt,400381,21856.0,15445.0,Smith,,470.0,S.,,Lamar Smith,N00001811,Christian Scientist,,01075,27097.0,Q685149,Lamar S. Smith
,S001175,1950-05-14,1027627.0,['H8CA12171'],Jackie,F,kg:/m/06k27l,412259,22606.0,20762.0,Speier,,740.0,,,Jackie Speier,N00029649,,,01890,8425.0,Q218544,Jackie Speier
Steve Stivers,S001187,1965-03-24,62320.0,['H8OH15076'],Steve,M,kg:/m/08xnqw,412461,22627.0,21163.0,Stivers,,1467.0,,,Steve Stivers,N00029574,,,02047,45333.0,Q324099,Steve Stivers
,S001156,1969-01-28,1003554.0,['H2CA39078'],Linda,F,kg:/m/024xc7,400355,22572.0,20310.0,Sánchez,,448.0,T.,,Linda T. Sánchez,N00024870,Roman Catholic,,01757,29674.0,Q291143,Linda Sánchez
,T000193,1948-01-28,7304.0,['H4MS02068'],Bennie,M,kg:/m/033tc5,400402,22870.0,29368.0,Thompson,,490.0,G.,,Bennie G. Thompson,N00003288,Methodist,,01151,26929.0,Q817877,Bennie Thompson
,T000460,1951-01-24,57872.0,['H8CA01109'],Mike,M,kg:/m/024sdl,400403,23200.0,29901.0,Thompson,,489.0,Michael,,Mike Thompson,N00007419,Catholic,,01593,3564.0,Q1323196,Mike Thompson (California politician)
,T000467,1959-07-27,1031359.0,['H8PA05071'],Glenn,M,kg:/m/0409b0_,412317,23213.0,20946.0,Thompson,,799.0,,,Glenn Thompson,N00029736,,,01952,24046.0,Q1531120,Glenn Thompson (politician)
Mac Thornberry,T000238,1958-07-15,36814.0,['H4TX13014'],Mac,M,kg:/m/03dnvd,400404,22922.0,29572.0,Thornberry,,491.0,M.,,Mac Thornberry,N00006052,Presbyterian,,01155,21706.0,Q539444,Mac Thornberry
John Thune,T000250,1961-01-07,45552.0,"['S2SD00068', 'H6SD00085']",John,M,kg:/m/03ybyn,400546,22937.0,29754.0,Thune,S303,621.0,,,John Thune,N00004572,,,01534,398.0,Q462981,John Thune
Patrick J. Tiberi,T000462,1962-10-21,88155.0,['H0OH12062'],Patrick,M,kg:/m/02zfh_,400406,23204.0,20130.0,Tiberi,,493.0,J.,Pat,Patrick J. Tiberi,N00009699,Catholic,,01664,8404.0,Q603467,Pat Tiberi
Scott Tipton,T000470,1956-11-09,60384.0,['H6CO03139'],Scott,M,kg:/m/0bn82p,412405,23219.0,21111.0,Tipton,,1417.0,R.,,Scott R. Tipton,N00027509,,,01997,65403.0,Q782994,Scott Tipton
,T000469,1949-06-18,1031353.0,['H8NY21203'],Paul,M,kg:/m/0gzy4c,412319,23217.0,20934.0,Tonko,,801.0,,,Paul Tonko,N00030196,,,01942,4403.0,Q1373548,Paul Tonko
Pat Toomey,T000461,1961-11-17,7958.0,"['S4PA00121', 'H8PA15096']",Patrick,M,kg:/m/02_kk7,400408,23202.0,29935.0,Toomey,S351,1406.0,J.,Pat,Patrick J. Toomey,N00001489,,,02085,24096.0,Q971308,Pat Toomey
Niki Tsongas,T000465,1946-04-26,21764.0,['H8MA05143'],Niki,F,kg:/m/02qn5w8,412254,23209.0,20754.0,Tsongas,,735.0,S.,,Niki Tsongas,N00029026,,,01884,89417.0,Q440246,Niki Tsongas
Michael R. Turner,T000463,1960-01-11,1003607.0,"['H2OH03067', 'H2OH03091']",Michael,M,kg:/m/03440l,400411,23206.0,20342.0,Turner,,496.0,R.,,Michael R. Turner,N00025175,,,01741,45519.0,Q505722,Mike Turner
Fred Upton,U000031,1953-04-23,12127.0,['H6MI04113'],Fred,M,kg:/m/02d4c3,400414,20868.0,15446.0,Upton,,499.0,Stephen,,Fred Upton,N00004133,Protestant,,01177,26906.0,Q505236,Fred Upton
,V000128,1959-01-10,20756.0,['H2MD08126'],Chris,M,kg:/m/025kb5,400415,21032.0,20330.0,Van Hollen,S390,500.0,,,Chris Van Hollen,N00013820,Episcopalian,Jr.,01729,6098.0,Q1077819,Chris Van Hollen
,V000081,1953-03-28,26160.0,['H2NY00010'],Nydia,F,kg:/m/03sjbt,400416,20972.0,29378.0,Velázquez,,501.0,M.,,Nydia M. Velázquez,N00001102,Roman Catholic,,01184,26975.0,Q434890,Nydia Velázquez
Peter J. Visclosky,V000108,1949-08-13,6785.0,['H4IN01012'],Peter,M,kg:/m/022r85,400417,21005.0,15124.0,Visclosky,,502.0,J.,,Peter J. Visclosky,N00003813,Roman Catholic,,01188,26851.0,Q514660,Pete Visclosky
Tim Walberg,W000798,1951-04-12,1022844.0,['H4MI07103'],Tim,M,kg:/m/0d7n3m,412213,24179.0,20725.0,Walberg,,698.0,,,Tim Walberg,N00026368,,,01855,8618.0,Q978618,Tim Walberg
Greg Walden,W000791,1957-01-10,57892.0,['H6OR02116'],Greg,M,kg:/m/033tx_,400419,24165.0,29932.0,Walden,,504.0,P.,,Greg Walden,N00007690,Episcopalian,,01596,2979.0,Q1397359,Greg Walden
Tim Walz,W000799,1964-04-06,1018510.0,['H6MN01174'],Timothy,M,kg:/m/06wntz,412214,24181.0,20726.0,Walz,,699.0,James,,Timothy J. Walz,N00027467,,,01856,65443.0,Q2434360,Tim Walz
Debbie Wasserman Schultz,W000797,1966-09-27,86882.0,['H4FL20023'],Debbie,F,kg:/m/04cmyw,400623,24177.0,20504.0,Wasserman Schultz,,631.0,,,Debbie Wasserman Schultz,N00026106,Jewish,,01777,24301.0,Q50104,Debbie Wasserman Schultz
Maxine Waters,W000187,1938-08-15,1953.0,['H4CA23011'],Maxine,F,kg:/m/024tyk,400422,23438.0,29106.0,Waters,,507.0,,,Maxine Waters,N00006690,Christian,,01205,26759.0,Q461727,Maxine Waters
Daniel Webster,W000806,1949-04-27,30504.0,"['H0FL08208', 'S4FL00256']",Daniel,M,kg:/m/03cg47l,412410,24192.0,21116.0,Webster,,1422.0,,,Daniel Webster,N00026335,,,02002,24302.0,Q1163099,Daniel Webster (Florida politician)
Peter Welch,W000800,1947-05-02,1019990.0,"['H6VT00160', 'H8VT00034']",Peter,M,kg:/m/0db4gl,412239,24183.0,20750.0,Welch,,722.0,,,Peter Welch,N00000515,,,01879,51272.0,Q1112656,Peter Welch
Joe Wilson,W000795,1947-07-31,1002567.0,['H2SC02059'],Joe,M,kg:/m/03tll0,400433,24173.0,20138.0,Wilson,,519.0,G.,,Joe Wilson,N00024809,Presbyterian,,01688,3985.0,Q928855,Joe Wilson (U.S. politician)
Frederica Wilson,W000808,1942-11-05,87016.0,['H0FL17068'],Frederica,F,kg:/m/03cg3tv,412412,24196.0,21118.0,Wilson,,1424.0,S.,,Frederica S. Wilson,N00030650,,,02004,17319.0,Q461504,Frederica Wilson
Robert J. Wittman,W000804,1959-02-03,1028089.0,['H8VA01147'],Robert,M,kg:/m/03cx7ld,412255,24189.0,20756.0,Wittman,,736.0,J.,,Robert J. Wittman,N00029459,Episcopalian,,01886,58133.0,Q541251,Rob Wittman
Steve Womack,W000809,1957-02-18,1033625.0,['H0AR03055'],Steve,M,kg:/m/0cmcvkz,412402,24197.0,21108.0,Womack,,1416.0,,,Steve Womack,N00031857,,,01991,71815.0,Q1029527,Steve Womack
,W000810,1970-02-11,623342.0,['H0GA07133'],Rob,M,kg:/m/0cz8ryh,412416,24199.0,21122.0,Woodall,,1428.0,,,Rob Woodall,N00032416,,,02008,122251.0,Q2156128,Rob Woodall
Ron Wyden,W000779,1949-05-03,1962.0,"['S6OR00110', 'H0OR03026']",Ron,M,kg:/m/0178p9,300100,24150.0,14871.0,Wyden,S247,619.0,,,Ron Wyden,N00007724,Jewish,,01247,27036.0,Q529344,Ron Wyden
John Yarmuth,Y000062,1947-11-04,1021662.0,['H6KY03124'],John,M,kg:/m/0bb00g,412211,21106.0,20723.0,Yarmuth,,696.0,A.,,John A. Yarmuth,N00028073,,,01853,58579.0,Q699970,John Yarmuth
Kevin Yoder,Y000063,1976-01-08,61843.0,['H0KS03137'],Kevin,M,kg:/m/06w90zv,412430,21107.0,21135.0,Yoder,,1441.0,,,Kevin Yoder,N00031502,,,02021,34433.0,Q187037,Kevin Yoder
Don Young,Y000033,1933-06-09,1897.0,['H6AK00045'],Don,M,kg:/m/024p1k,400440,21071.0,14066.0,Young,,525.0,E.,,Don Young,N00007999,Episcopalian,,01256,26717.0,Q1239590,Don Young
Todd Young,Y000064,1972-08-24,1033743.0,['H0IN09070'],Todd,M,kg:/m/0ds030m,412428,21109.0,21133.0,Young,S391,1439.0,C.,,Todd Young,N00030670,,,02019,120345.0,Q25483,Todd Young
Dean Heller,H001041,1960-05-10,1012368.0,"['H6NV02164', 'S2NV00183']",Dean,M,kg:/m/0g92xz,412218,15578.0,20730.0,Heller,S352,703.0,,,Dean Heller,N00027522,,,01863,2291.0,Q251763,Dean Heller
Mark Amodei,A000369,1958-06-12,62817.0,"['H2NV02395', 'H1NV02017', 'S0NV00237']",Mark,M,kg:/m/03bzdkn,412500,8772.0,21196.0,Amodei,,1680.0,E.,,Mark E. Amodei,N00031177,,,02090,12537.0,Q23944,Mark Amodei
Suzanne Bonamici,B001278,1954-10-14,63966.0,['H2OR01133'],Suzanne,F,kg:/m/02q453x,412501,10443.0,21198.0,Bonamici,,1682.0,,,Suzanne Bonamici,N00033474,,,02092,59641.0,Q45946,Suzanne Bonamici
Suzan DelBene,D000617,1962-02-17,1033929.0,['H0WA08046'],Suzan,F,kg:/m/05p0dnk,412505,15032387032.0,31101.0,DelBene,,1686.0,K.,,Suzan K. DelBene,N00030693,,,02096,126272.0,Q2091892,Suzan DelBene
Thomas Massie,M001184,1971-01-13,79951.0,['H2KY04121'],Thomas,M,kg:/m/0h_cb6v,412503,,31102.0,Massie,,1684.0,,,Thomas Massie,N00034041,,,02094,132068.0,Q2426031,Thomas Massie
,P000604,1958-12-17,65639.0,['H2NJ10154'],Donald,M,kg:/m/0jwr2v8,412506,,31103.0,Payne,,1687.0,M.,,"Donald M. Payne, Jr.",N00034639,,Jr.,02097,90668.0,Q1240224,Donald Payne Jr.
Brian E. Schatz,S001194,1972-10-20,87784.0,"['S4HI00136', 'H6HI02244']",Brian,M,kg:/m/0dd109,412507,,41112.0,Schatz,S353,1728.0,Emanuel,,Brian Schatz,N00028138,,,02173,17852.0,Q1827902,Brian Schatz
Bill Foster,F000454,1955-10-07,1027346.0,"['H8IL14067', 'H2IL11124']",Bill,M,kg:/m/02rq8nc,412257,13555.0,20749.0,Foster,,738.0,,,Bill Foster,N00029139,,,01888,101632.0,Q2903389,Bill Foster (politician)
Dina Titus,T000468,1950-05-23,1021622.0,['H8NV03036'],Dina,F,kg:/m/07hwl2,412318,23215.0,20927.0,Titus,,800.0,,,Dina Titus,N00030191,,,01940,2629.0,Q524440,Dina Titus
Tom Cotton,C001095,1977-05-13,63928.0,"['H2AR04083', 'S4AR00103']",Tom,M,kg:/m/02g3ds,412508,,21301.0,Cotton,S374,1732.0,,,Tom Cotton,N00033363,,,02098,135651.0,Q3090307,Tom Cotton
Kyrsten Sinema,S001191,1976-07-12,68489.0,['H2AZ09019'],Kyrsten,F,kg:/m/03qnndb,412509,15032387755.0,21300.0,Sinema,,1733.0,,,Kyrsten Sinema,N00033983,,,02099,28338.0,Q1556541,Kyrsten Sinema
Doug LaMalfa,L000578,1960-07-02,68493.0,"['H2CA02142', 'H2CA01144']",Doug,M,kg:/m/0288tnx,412510,,21302.0,LaMalfa,,1734.0,,,Doug LaMalfa,N00033987,,,02100,29713.0,Q1703840,Doug LaMalfa
Jared Huffman,H001068,1964-02-18,622431.0,['H2CA06259'],Jared,M,kg:/m/0ksfyx,412511,,21303.0,Huffman,,1735.0,,,Jared Huffman,N00033030,,,02101,59849.0,Q3276717,Jared Huffman
Ami Bera,B001287,1965-03-02,1033636.0,['H0CA03078'],Ami,M,kg:/m/0dgqnts,412512,,21304.0,Bera,,1736.0,,,Ami Bera,N00030717,,,02102,120030.0,Q3389105,Ami Bera
Paul Cook,C001094,1943-03-03,68278.0,['H2CA08164'],Paul,M,kg:/m/0288t_6,412513,,21305.0,Cook,,1737.0,,,Paul Cook,N00034224,,,02103,58121.0,Q3408766,Paul Cook (politician)
Eric Swalwell,S001193,1980-11-16,79729.0,['H2CA15094'],Eric,M,kg:/m/0ncq55g,412514,,21306.0,Swalwell,,1738.0,,,Eric Swalwell,N00033508,,,02104,129529.0,Q3466996,Eric Swalwell
David G. Valadao,V000129,1977-04-14,623702.0,['H2CA20094'],David,M,kg:/m/0g55rlx,412515,,21307.0,Valadao,,1739.0,G.,,David G. Valadao,N00033367,,,02105,120200.0,Q3528567,David Valadao
Julia Brownley,B001285,1952-08-28,79783.0,['H2CA00120'],Julia,F,kg:/m/027z42z,412516,15032386871.0,21308.0,Brownley,,1740.0,,,Julia Brownley,N00034254,,,02106,59904.0,Q3577073,Julia Brownley
Tony Cardenas,C001097,1963-03-31,63934.0,['H2CA28113'],Tony,M,kg:/m/0cgzsw,412517,,21309.0,Cárdenas,,1741.0,,,Tony Cárdenas,N00033373,,,02107,9754.0,Q3620422,Tony Cárdenas
Raul Ruiz,R000599,1972-08-25,79727.0,['H2CA36439'],Raul,M,kg:/m/02p8pz0,412519,,21311.0,Ruiz,,1743.0,,,Raul Ruiz,N00033510,,,02109,136407.0,Q3701994,Raul Ruiz (politician)
Mark Takano,T000472,1960-12-10,2737.0,['H2CA43245'],Mark,M,kg:/m/0k3lj_y,412520,,21312.0,Takano,,1744.0,,,Mark Takano,N00006701,,,02110,22337.0,Q399593,Mark Takano
Alan Lowenthal,L000579,1941-03-08,93815.0,['H2CA00104'],Alan,M,kg:/m/027jz0m,412521,,21313.0,Lowenthal,,1745.0,S.,,Alan S. Lowenthal,N00033274,,,02111,16469.0,Q3740782,Alan Lowenthal
Juan Vargas,V000130,1961-03-07,8297.0,['H2CA50026'],Juan,M,kg:/m/076bp4,412522,,21314.0,Vargas,,1746.0,,,Juan Vargas,N00007021,,,02112,29100.0,Q3791701,Juan Vargas
Scott Peters,P000608,1958-06-17,79661.0,['H2CA52089'],Scott,M,kg:/m/02rymxd,412523,,21315.0,Peters,,1747.0,H.,,Scott H. Peters,N00033591,,,02113,70351.0,Q3791514,Scott Peters (politician)
Elzabeth Esty,E000293,1959-08-25,1020906.0,['H2CT05131'],Elizabeth,F,kg:/m/0l8ll7_,412524,15032387067.0,21316.0,Esty,,1748.0,H.,,Elizabeth H. Esty,N00033217,,,02114,72826.0,Q3090454,Elizabeth Esty
Ted Yoho,Y000065,1955-04-13,63943.0,['H2FL06109'],Ted,M,kg:/m/0l8lwvh,412525,,21317.0,Yoho,,1749.0,S.,,Ted S. Yoho,N00033220,,,02115,137622.0,Q3090476,Ted Yoho
Ron DeSantis,D000621,1978-09-14,79744.0,['H2FL00292'],Ron,M,kg:/m/0l8mn35,412526,,21318.0,DeSantis,,1750.0,,,Ron DeSantis,N00034746,,,02116,137630.0,Q3105215,Ron DeSantis
Lois Frankel,F000462,1948-05-16,623714.0,"['H2FL14053', 'H2FL22080']",Lois,F,kg:/m/0gjdw8_,412529,15032387115.0,21321.0,Frankel,,1753.0,,,Lois Frankel,N00002893,,,02119,8102.0,Q3182451,Lois Frankel
Doug Collins,C001093,1966-08-16,79719.0,['H2GA09150'],Doug,M,kg:/m/0lq9rkz,412531,,21323.0,Collins,,1755.0,,,Doug Collins,N00033518,,,02121,67851.0,Q3162841,Doug Collins (politician)
Tulsi Gabbard,G000571,1981-04-12,1025291.0,['H2HI02508'],Tulsi,F,kg:/m/0cnyrfq,412532,15032387167.0,21324.0,Gabbard,,1756.0,,,Tulsi Gabbard,N00033281,,,02122,129306.0,Q32620,Tulsi Gabbard
Tammy Duckworth,D000622,1968-03-12,94484.0,['H6IL06141'],Tammy,F,kg:/m/09vqjr,412533,15032387037.0,21325.0,Duckworth,S386,1757.0,,,Tammy Duckworth,N00027860,,,02123,57442.0,Q3036410,Tammy Duckworth
Rodney Davis (Illinois),D000619,1970-01-05,68337.0,['H2IL13120'],Rodney,M,kg:/m/0jwttjt,412536,,21328.0,Davis,,1760.0,,,Rodney Davis,N00034784,,,02126,9622.0,Q134035,Rodney Davis (politician)
Cheri Bustos,B001286,1961-10-17,63949.0,['H2IL17071'],Cheri,F,kg:/m/0jwwtrm,412537,15032386872.0,21329.0,Bustos,,1761.0,,,Cheri Bustos,N00033390,,,02127,134964.0,Q723148,Cheri Bustos
Jackie Walorski,W000813,1963-08-17,95005.0,['H0IN02190'],Jackie,F,kg:/m/0ksf92,412538,15032387909.0,21330.0,Walorski,,1762.0,,,Jackie Walorski,N00031226,,,02128,34205.0,Q3157413,Jackie Walorski
Susan Brooks,B001284,1960-08-25,623720.0,['H2IN05082'],Susan,F,kg:/m/0jt8ng2,412539,15032386870.0,21331.0,Brooks,,1763.0,W.,,Susan W. Brooks,N00033495,,,02129,135988.0,Q3225324,Susan Brooks
Luke Messer,M001189,1969-02-27,11245.0,"['H0IN02125', 'H0IN05094']",Luke,M,kg:/m/0n48dw8,412540,,21332.0,Messer,,1764.0,,,Luke Messer,N00012546,,,02130,33997.0,Q3225316,Luke Messer
Andy Barr,B001282,1973-07-24,61848.0,['H0KY06104'],Garland,M,kg:/m/0ddc6r6,412541,,21333.0,Barr,,1765.0,,Andy,Andy Barr,N00031233,,,02131,117290.0,Q3828645,Andy Barr (U.S. politician)
Elizabeth Warren,W000817,1949-06-22,1023023.0,['S2MA00170'],Elizabeth,F,kg:/m/01qh39,412542,15032390639.0,41301.0,Warren,S366,1766.0,,,Elizabeth Warren,N00033492,,,02182,141272.0,Q434706,Elizabeth Warren
Joseph Kennedy III,K000379,1980-10-04,79948.0,['H2MA04073'],Joseph,M,kg:/m/0j28kl9,412543,,21335.0,Kennedy,,1767.0,P.,,Joseph P. Kennedy III,N00034044,,III,02172,141275.0,Q1707784,Joseph P. Kennedy III
John Delaney,D000620,1963-04-16,68432.0,['H2MD06195'],John,M,kg:/m/09g8h5d,412544,,21334.0,Delaney,,1768.0,K.,,John K. Delaney,N00033897,,,02133,135143.0,Q2688821,John Delaney (Maryland politician)
Angus King,K000383,1944-03-31,37413.0,['S2ME00109'],Angus,M,kg:/m/02hfx0,412545,,41300.0,King,S363,1769.0,,,"Angus S. King, Jr.",N00034580,,,02185,22381.0,Q544464,Angus King
Dan Kildee,K000380,1958-08-11,623723.0,['H2MI05119'],Daniel,M,kg:/m/0n4c3yt,412546,,21372.0,Kildee,,1770.0,T.,,Daniel T. Kildee,N00033395,,,02134,136102.0,Q3880272,Dan Kildee
Rick Nolan,N000127,1943-12-17,1001760.0,['H2MN08111'],Richard,M,kg:/m/0dgfyp,408211,18988.0,14263.0,Nolan,,1730.0,M.,,Richard M. Nolan,N00021207,,,00867,138505.0,Q2151594,Rick Nolan
Ann Wagner,W000812,1962-09-13,82702.0,['H2MO02102'],Ann,F,kg:/m/07q9w8,412548,15032387908.0,21337.0,Wagner,,1772.0,,,Ann Wagner,N00033106,,,02137,136083.0,Q3917251,Ann Wagner
Steve Daines,D000618,1962-08-20,1034037.0,"['H2MT01060', 'S2MT00096']",Steve,M,kg:/m/03qlc5t,412549,,21338.0,Daines,S375,1773.0,,,Steve Daines,N00033054,,,02138,135720.0,Q3200900,Steve Daines
Richard Hudson,H001067,1971-11-04,79622.0,['H2NC08185'],Richard,M,kg:/m/0nbwfxs,412550,,21346.0,Hudson,,1774.0,,,Richard Hudson,N00033630,,,02140,136448.0,Q3956999,Richard Hudson (U.S. politician)
Robert Pittenger,P000606,1948-08-15,9265861.0,['H2NC09134'],Robert,M,kg:/m/02b5bx,412551,,21347.0,Pittenger,,1775.0,,,Robert Pittenger,N00034416,,,02141,41272.0,Q3956848,Robert Pittenger
"Mark Meadows, North Carolina",M001187,1959-07-28,79621.0,['H2NC11080'],Mark,M,kg:/m/0lqdy32,412552,,21348.0,Meadows,,1776.0,,,Mark Meadows,N00033631,,,02142,136459.0,Q3956796,Mark Meadows (North Carolina politician)
George E.B. Holding,H001065,1968-04-17,623728.0,['H2NC13110'],George,M,kg:/m/0hgp6py,412553,,21349.0,Holding,,1777.0,,,George Holding,N00033399,,,02143,136462.0,Q3956828,George Holding
Heidi Heitkamp,H001069,1955-10-30,95414.0,['S2ND00099'],Heidi,F,kg:/m/02f501,412554,15032390641.0,41303.0,Heitkamp,S360,1778.0,,,Heidi Heitkamp,N00033782,,,02174,41716.0,Q50597,Heidi Heitkamp
Kevin Cramer,C001096,1961-01-21,7600.0,"['H0ND01026', 'H6ND00074']",Kevin,M,kg:/m/02rhrnw,412555,,21350.0,Cramer,,1779.0,,,Kevin Cramer,N00004614,,,02144,444.0,Q3957020,Kevin Cramer
Deb Fischer,F000463,1951-03-01,1034067.0,['S2NE00094'],Deb,F,kg:/m/0c4cp0,412556,15032390640.0,41302.0,Fischer,S357,1780.0,,,Deb Fischer,N00033443,,,02179,41963.0,Q2580649,Deb Fischer
Annie Kuster,K000382,1956-09-05,62650.0,['H0NH02181'],Ann,F,kg:/m/064p47_,412557,15032387341.0,21340.0,Kuster,,1781.0,M.,,Ann M. Kuster,N00030875,,,02145,122256.0,Q3917208,Ann McLane Kuster
Michelle Lujan Grisham,L000580,1959-10-24,94791.0,['H8NM01257'],Michelle,F,kg:/m/0n3vkrv,412558,15032387385.0,21341.0,Lujan Grisham,,1782.0,,,Michelle Lujan Grisham,N00029400,,,02146,102404.0,Q3917203,Michelle Lujan Grisham
Grace Meng,M001188,1975-10-01,68411.0,['H2NY06116'],Grace,F,kg:/m/04ld76x,412560,15032387500.0,21342.0,Meng,,1784.0,,,Grace Meng,N00034547,,,02148,69157.0,Q5591303,Grace Meng
Hakeem Jeffries,J000294,1970-08-04,79612.0,['H2NY10092'],Hakeem,M,kg:/m/025_74m,412561,,21343.0,Jeffries,,1785.0,S.,,Hakeem S. Jeffries,N00033640,,,02149,55285.0,Q5640425,Hakeem Jeffries
Sean Maloney,M001185,1966-07-30,79760.0,['H2NY22139'],Sean,M,kg:/m/0b697g,412562,,21344.0,Maloney,,1786.0,Patrick,,Sean Patrick Maloney,N00034277,,,02150,139760.0,Q2262244,Sean Patrick Maloney
Chris Collins,C001092,1950-05-20,94144.0,['H8NY29032'],Chris,M,kg:/m/03cv81x,412563,,21345.0,Collins,,1787.0,,,Chris Collins,N00001285,,,02151,139770.0,Q5106218,Chris Collins (U.S. politician)
Brad Wenstrup,W000815,1958-06-17,1034044.0,['H2OH02085'],Brad,M,kg:/m/0j63b7n,412564,,21351.0,Wenstrup,,1788.0,R.,,Brad R. Wenstrup,N00033310,,,02152,135326.0,Q892413,Brad Wenstrup
Joyce Beatty,B001281,1950-03-12,67294.0,['H2OH03125'],Joyce,F,kg:/m/03lcwb,412565,15032386867.0,21352.0,Beatty,,1789.0,,,Joyce Beatty,N00033904,,,02153,2427.0,Q976417,Joyce Beatty
David Joyce,J000295,1957-03-17,68561.0,['H2OH14064'],David,M,kg:/m/0ktwnp_,412566,,21353.0,Joyce,,1790.0,P.,,David P. Joyce,N00035007,,,02154,143052.0,Q976778,David Joyce (politician)
Jim Bridenstine,B001283,1975-06-15,79705.0,['H2OK01143'],Jim,M,kg:/m/0jwyd6r,412567,,21354.0,Bridenstine,,1791.0,,,Jim Bridenstine,N00033532,,,02155,135894.0,Q3601035,Jim Bridenstine
Markwayne Mullin,M001190,1977-07-26,1034045.0,['H2OK02083'],Markwayne,M,kg:/m/0lq78pn,412568,,21355.0,Mullin,,1792.0,,,Markwayne Mullin,N00033410,,,02156,135898.0,Q3448772,Markwayne Mullin
Scott Perry,P000605,1962-05-27,79873.0,['H2PA04135'],Scott,M,kg:/m/04mwt6y,412569,,21356.0,Perry,,1793.0,,,Scott Perry,N00034120,,,02157,59980.0,Q7437040,Scott Perry (politician)
Keith Rothfus,R000598,1962-04-25,61949.0,['H0PA04220'],Keith,M,kg:/m/0ds0r5g,412570,,21357.0,Rothfus,,1794.0,J.,,Keith J. Rothfus,N00031253,,,02158,119466.0,Q5978897,Keith Rothfus
Matt Cartwright,C001090,1961-05-01,79865.0,['H2PA17079'],Matthew,M,kg:/m/0j_6b9d,412571,,21358.0,Cartwright,,1795.0,A.,,Matt Cartwright,N00034128,,,02159,136236.0,Q4111531,Matt Cartwright
Tom Rice (South Carolina),R000597,1957-08-04,79473.0,['H2SC07066'],Tom,M,kg:/m/03wg1mb,412572,,21359.0,Rice,,1796.0,,,Tom Rice,N00033832,,,02160,132382.0,Q3956858,Tom Rice
Ted Cruz,C001098,1970-12-22,1019953.0,['S2TX00312'],Ted,M,kg:/m/07j6ty,412573,,41304.0,Cruz,S355,1797.0,,,Ted Cruz,N00033085,,,02175,135705.0,Q2036942,Ted Cruz
Randy Weber,W000814,1953-07-02,79698.0,['H2TX14149'],Randy,M,kg:/m/0km63t0,412574,,21360.0,Weber,,1798.0,K.,,"Randy K. Weber, Sr.",N00033539,,,02161,102026.0,Q4014569,Randy Weber
Beto O'Rourke,O000170,1972-09-26,79697.0,['H2TX16185'],Beto,M,kg:/m/0dty9d,412575,,21361.0,O'Rourke,,1799.0,,,Beto O'Rourke,N00033540,,,02162,78533.0,Q4014532,Beto O'Rourke
Joaquin Castro,C001091,1974-09-16,63974.0,['H2TX35011'],Joaquin,M,kg:/m/0bmclg,412576,,21362.0,Castro,,1800.0,,,Joaquin Castro,N00033316,,,02163,49227.0,Q1167934,Joaquín Castro
Roger Williams,W000816,1949-09-13,623742.0,"['H2TX33040', 'S2TX00270']",Roger,M,kg:/m/08rszb,412578,,21364.0,Williams,,1802.0,,,Roger Williams,N00030602,,,02165,50112.0,Q4014560,Roger Williams (U.S. politician)
Mark Veasey,V000131,1971-01-03,79466.0,['H2TX33073'],Marc,M,kg:/m/0kmnfw5,412579,,21365.0,Veasey,,1803.0,A.,,Marc A. Veasey,N00033839,,,02166,49671.0,Q4068811,Marc Veasey
Filemon Vela,V000132,1963-02-13,95434.0,['H2TX27190'],Filemon,M,kg:/m/0ll43fz,412580,,21366.0,Vela,,1804.0,,,Filemon Vela,N00034349,,,02167,137719.0,Q4069225,Filemon Vela Jr.
Chris Stewart,S001192,1960-07-15,68466.0,['H2UT02324'],Chris,M,kg:/m/0j273ks,412581,,21367.0,Stewart,,1805.0,,,Chris Stewart,N00033932,,,02168,135930.0,Q4068880,Chris Stewart (politician)
Tim Kaine,K000384,1958-02-26,49219.0,['S2VA00142'],Timothy,M,kg:/m/053f8h,412582,,41305.0,Kaine,S362,1806.0,,,Tim Kaine,N00033177,,,02176,50772.0,Q359888,Tim Kaine
Derek Kilmer,K000381,1974-01-01,68310.0,['H2WA06129'],Derek,M,kg:/m/03w9yd6,412583,,21368.0,Kilmer,,1807.0,,,Derek Kilmer,N00034453,,,02169,51516.0,Q4068828,Derek Kilmer
Denny Heck,H001064,1952-07-29,9269006.0,['H0WA03161'],Denny,M,kg:/m/075stz,412584,,21369.0,Heck,,1808.0,,,Denny Heck,N00031557,,,02170,126058.0,Q4068793,Dennis Heck
Mark Pocan,P000607,1964-08-14,79688.0,['H2WI02124'],Mark,M,kg:/m/0gyhpz,412585,,21370.0,Pocan,,1809.0,,,Mark Pocan,N00033549,,,02171,26238.0,Q1900355,Mark Pocan
Robin Kelly,K000385,1956-04-30,70399.0,['H2IL02172'],Robin,F,kg:/m/0g8l32,412595,15032393262.0,21371.0,Kelly,,2045.0,,,Robin L. Kelly,N00035215,,,02190,33384.0,Q3437091,Robin Kelly
Mark Sanford,S000051,1960-05-28,6513.0,['H4SC01073'],Marshall,M,kg:/m/02c6ck,400607,21195.0,29565.0,Sanford,,2046.0,,Mark,Mark Sanford,N00002424,,,01012,21991.0,Q11669,Mark Sanford
Jason Smith (Missouri representative),S001195,1980-06-16,71083.0,['H4MO08162'],Jason,M,kg:/m/0g9yj_2,412596,,21373.0,Smith,,2047.0,T.,,Jason Smith,N00035282,,,02191,59318.0,Q6163589,Jason T. Smith
Cory Booker,B001288,1969-04-27,84679.0,['S4NJ00185'],Cory,M,kg:/m/06p430,412598,,,Booker,S370,2051.0,Anthony,,Cory A. Booker,N00035267,,,02194,76151.0,Q1135767,Cory Booker
Katherine Clark,C001101,1963-07-17,73178.0,['H4MA05084'],Katherine,F,kg:/m/0fpjc8b,412600,15032398493.0,,Clark,,2053.0,M.,,Katherine M. Clark,N00035278,,,02196,35858.0,Q6376330,Katherine Clark
Bradley Byrne,B001289,1955-02-16,73486.0,['H4AL01123'],Bradley,M,kg:/m/09g6kty,412601,,,Byrne,,2054.0,,,Bradley Byrne,N00035380,,,02197,27584.0,Q4954892,Bradley Byrne
David Brat,B001290,1964-07-27,75248.0,['H4VA07143'],David,M,kg:/m/010qykqw,412605,15032409257.0,,Brat,,2061.0,Alan,Dave,Dave Brat,N00036013,,,02203,,Q17160419,Dave Brat
Donald Norcross,N000188,1958-12-13,76311.0,['H4NJ01084'],Donald,M,kg:/m/09g8b1_,412606,15032409258.0,,Norcross,,2062.0,W.,,Donald Norcross,N00036154,,,02202,,Q5294942,Donald Norcross
Alma Adams,A000370,1946-05-27,76386.0,['H4NC12100'],Alma,F,kg:/m/02b45d,412607,15032409256.0,,Adams,,2063.0,,,Alma S. Adams,N00035451,,,02201,,Q4733597,Alma Adams
,P000609,1954-05-14,,['H4AL06098'],Gary,M,kg:/m/0115nklq,412608,,,Palmer,,2064.0,,,Gary J. Palmer,N00035691,,,02221,,Q17386504,Gary Palmer (politician)
,H001072,1956-12-05,,['H4AR02141'],French,M,kg:/m/0127p1zk,412609,,,Hill,,2065.0,,,J. French Hill,N00035792,,,02223,,Q18631366,French Hill (politician)
,W000821,1967-11-18,,['H4AR04048'],Bruce,M,kg:/m/0wklff5,412610,,,Westerman,,2066.0,,,Bruce Westerman,N00035527,,,02224,,Q16197421,Bruce Westerman
,M001197,1966-03-22,,['H2AZ08102'],Martha,F,kg:/m/027fybv,412611,15032414876.0,,McSally,,2067.0,,,Martha McSally,N00033982,,,02225,,Q6774492,Martha McSally
,G000574,1979-11-20,,['H4AZ07043'],Ruben,M,kg:/m/0wy0mz5,412612,,,Gallego,,2068.0,,,Ruben Gallego,N00036097,,,02226,,Q16218474,Ruben Gallego
,D000623,1952-03-31,,['H0CA10073'],Mark,M,kg:/m/0289gkw,412613,,,DeSaulnier,,2069.0,,,Mark DeSaulnier,N00030709,,,02227,,Q6767311,Mark DeSaulnier
,K000387,1966-12-17,,['H4CA25123'],Steve,M,kg:/m/05zjrvq,412614,,,Knight,,2070.0,,,Stephen Knight,N00035820,,,02228,,Q7613060,Steve Knight (politician)
,A000371,1979-06-19,,['H2CA31125'],Pete,M,kg:/m/0jwv0xf,412615,,,Aguilar,,2071.0,,,Pete Aguilar,N00033997,,,02229,,Q7171821,Pete Aguilar
,L000582,1969-03-29,,['H4CA33119'],Ted,M,kg:/m/0f3y2w,412616,,,Lieu,,2072.0,,,Ted Lieu,N00035825,,,02230,,Q7693450,Ted Lieu
,T000474,1965-04-04,,['H4CA35031'],Norma,F,kg:/m/03wd1hs,412617,15032410409.0,,Torres,,2073.0,,,Norma J. Torres,N00036107,,,02231,,Q3343727,Norma Torres
,W000820,1962-05-14,,['H4CA45097'],Mimi,F,kg:/m/077r0l,412618,15032409970.0,,Walters,,2074.0,,,Mimi Walters,N00035391,,,02232,,Q6862199,Mimi Walters
,B001297,1959-02-16,,"['S0CO00237', 'H4CO04090']",Ken,M,kg:/m/05zzjd2,412619,,,Buck,,2075.0,,,Ken Buck,N00030829,,,02233,,Q1439421,Ken Buck
,C001107,1980-03-01,,['H4FL26038'],Carlos,M,kg:/m/0127nzmk,412621,,,Curbelo,,2077.0,,,Carlos Curbelo,N00035403,,,02235,,Q18631533,Carlos Curbelo (politician)
,C001103,1957-09-06,,['H4GA01039'],Buddy,M,kg:/m/0w32xj9,412622,,,Carter,,2078.0,,,"Earl L. ""Buddy"" Carter",N00035346,,,02236,,Q16240994,Buddy Carter
,H001071,1960-04-22,,['H0GA07125'],Jody,M,kg:/m/0640dpx,412623,,,Hice,,2079.0,,,Jody B. Hice,N00032243,,,02237,,Q6208081,Jody Hice
,L000583,1963-12-22,,['H4GA11061'],Barry,M,kg:/m/0wqdmcm,412624,,,Loudermilk,,2080.0,,,Barry Loudermilk,N00035347,,,02238,,Q16731643,Barry Loudermilk
,A000372,1951-11-07,,['H2GA12121'],Rick,M,kg:/m/0127y9dk,412625,,,Allen,,2081.0,,,Rick W. Allen,N00033720,,,02239,,Q18683976,Rick W. Allen
,B001294,1955-04-26,,['H2IA01055'],Rod,M,kg:/m/0127p02j,412627,,,Blum,,2083.0,,,Rod Blum,N00033744,,,02241,,Q18684853,Rod Blum
,Y000066,1968-05-11,,"['S4IA00103', 'H4IA03115']",David,M,kg:/m/0127pc92,412628,,,Young,,2084.0,,,David Young,N00035509,,,02242,,Q19321008,David Young (Iowa politician)
,B001295,1960-12-30,,['H4IL12060'],Mike,M,kg:/m/0kry42,412629,,,Bost,,2085.0,,,Mike Bost,N00035420,,,02243,,Q6846090,Mike Bost
,A000374,1954-09-16,,['H4LA05221'],Ralph,M,kg:/m/012dwd7_,412630,,,Abraham,,2086.0,,,Ralph Lee Abraham,N00036633,,,02244,,Q18683775,Ralph Abraham (politician)
,G000577,1972-01-31,,['H4LA06153'],Garret,M,kg:/m/012bxlbr,412631,,,Graves,,2087.0,,,Garret Graves,N00036135,,,02245,,Q18686454,Garret Graves
,M001196,1978-10-24,,['H4MA06090'],Seth,M,kg:/m/0sgh587,412632,,,Moulton,,2088.0,,,Seth Moulton,N00035431,,,02246,,Q18045052,Seth Moulton
,P000611,1953-11-01,,"['S2ME00158', 'H4ME02234']",Bruce,M,kg:/m/0hrbhmw,412633,,,Poliquin,,2089.0,,,Bruce Poliquin,N00034584,,,02247,,Q4978147,Bruce Poliquin
,M001194,1961-05-08,,['H4MI04126'],John,M,kg:/m/0z6rww4,412634,,,Moolenaar,,2090.0,,,John R. Moolenaar,N00036275,,,02248,,Q16194212,John Moolenaar
,B001293,1967-03-18,,['H4MI08135'],Mike,M,kg:/m/027qc0m,412635,,,Bishop,,2091.0,,,Mike Bishop,N00036449,,,02249,,Q16196834,Mike Bishop (politician)
,T000475,1960-10-16,,['H4MI11097'],Dave,M,kg:/m/0x0fzkk,412636,,,Trott,,2092.0,,,David A. Trott,N00035607,,,02250,,Q16982345,Dave Trott (politician)
,D000624,1953-11-23,,['H4MI12079'],Debbie,F,kg:/m/03m4188,412637,15032409588.0,,Dingell,,2093.0,,,Debbie Dingell,N00036149,,,02251,,Q5248232,Debbie Dingell
,L000581,1954-10-18,,['H2MI14111'],Brenda,F,kg:/m/02w_vhg,412638,15032411198.0,,Lawrence,,2094.0,,,Brenda L. Lawrence,N00034068,,,02252,,Q4960712,Brenda Lawrence
,E000294,1961-03-03,,['H4MN06087'],Tom,M,kg:/m/06w2w3l,412639,,,Emmer,,2095.0,,,Tom Emmer,N00035440,,,02253,,Q7815723,Tom Emmer
,Z000018,1961-11-01,,['H4MT01041'],Ryan,M,kg:/m/0gkz1jg,412640,,,Zinke,,2096.0,,,Ryan K. Zinke,N00035616,,,02254,,Q7384672,Ryan Zinke
,R000603,1972-02-16,,['H2NC07096'],David,M,kg:/m/0jt1s3l,412641,,,Rouzer,,2097.0,,,David Rouzer,N00033527,,,02256,,Q5239255,David Rouzer
,M001193,1960-10-16,,['H4NJ03130'],Tom,M,kg:/m/0127f8tk,412643,,,MacArthur,,2099.0,,,Thomas MacArthur,N00036155,,,02258,,Q18631218,Tom MacArthur
,W000822,1945-02-06,,['H4NJ12149'],Bonnie,F,kg:/m/08kj70,412644,15032409972.0,,Watson Coleman,,2100.0,,,Bonnie Watson Coleman,N00036158,,,02259,,Q4942457,Bonnie Watson Coleman
,Z000017,1980-01-30,,['H8NY01148'],Lee,M,kg:/m/03h4jcq,412646,,,Zeldin,,2102.0,,,Lee M. Zeldin,N00029404,,,02261,,Q16221257,Lee Zeldin
,R000602,1965-02-15,,['H4NY04075'],Kathleen,F,kg:/m/08z1cf,412647,15032412351.0,,Rice,,2103.0,,,Kathleen M. Rice,N00035927,,,02262,,Q6376887,Kathleen Rice
,S001196,1984-07-02,,['H4NY21079'],Elise,F,kg:/m/0110fjsf,412648,15032411587.0,,Stefanik,,2104.0,,,Elise M. Stefanik,N00035523,,,02263,,Q18211057,Elise Stefanik
,K000386,1962-11-09,,['H4NY24073'],John,M,kg:/m/0127pf8s,412649,,,Katko,,2105.0,,,John Katko,N00035934,,,02264,,Q18619043,John Katko
,R000604,1963-05-25,,['H4OK05132'],Steve,M,kg:/m/0ndnv6f,412650,,,Russell,,2106.0,,,Steve Russell,N00036175,,,02265,,Q16195304,Steve Russell (politician)
,C001106,1976-09-07,,['H0PA06076'],Ryan,M,kg:/m/0127dxsz,412651,,,Costello,,2107.0,,,Ryan A. Costello,N00031064,,,02266,,Q18631846,Ryan Costello
,B001296,1977-02-06,,['H4PA13199'],Brendan,M,kg:/m/04f4fjk,412652,,,Boyle,,2108.0,,,Brendan F. Boyle,N00035307,,,02267,,Q4960876,Brendan Boyle
,R000601,1965-10-20,,['H4TX04153'],John,M,kg:/m/010qgwph,412653,,,Ratcliffe,,2109.0,,,John Ratcliffe,N00035972,,,02268,,Q16980175,John Ratcliffe (American politician)
,H001073,1977-08-19,,['H0TX23086'],Will,M,kg:/m/0127jwdk,412654,,,Hurd,,2110.0,,,Will Hurd,N00031417,,,02269,,Q18639742,Will Hurd
,B001291,1948-03-23,,['H6TX02079'],Brian,M,kg:/m/010qgj35,412655,,,Babin,,2111.0,,,Brian Babin,N00005736,,,02270,,Q16979824,Brian Babin
,L000584,1975-12-06,,['H2UT04023'],Mia,F,kg:/m/09v75sn,412656,15032411201.0,,Love,,2112.0,,,Mia B. Love,N00033842,,,02271,,Q11112119,Mia Love
,B001292,1950-06-20,,['H4VA08224'],Donald,M,kg:/m/053g16,412657,,,Beyer,,2113.0,,,"Donald S. Beyer, Jr.",N00036018,,,02272,,Q3036086,Don Beyer
,C001105,1959-06-30,,['H4VA10089'],Barbara,F,kg:/m/02890yr,412658,15032409529.0,,Comstock,,2114.0,,,Barbara Comstock,N00036023,,,02273,,Q4858820,Barbara Comstock
,P000610,1964-05-13,,['H2VI00082'],Stacey,F,kg:/m/012844_c,412659,15032410230.0,,Plaskett,,2115.0,,,Stacey E. Plaskett,N00035000,,,02274,,Q18739104,Stacey Plaskett
,N000189,1955-07-10,,['H4WA04104'],Dan,M,kg:/m/0_s0bn3,412660,,,Newhouse,,2116.0,,,Dan Newhouse,N00036403,,,02275,,Q16733285,Dan Newhouse
,G000576,1955-07-03,,['H4WI06048'],Glenn,M,kg:/m/02pnsk2,412661,,,Grothman,,2117.0,,,Glenn Grothman,N00036409,,,02276,,Q5568836,Glenn Grothman
,M001195,1971-06-05,,['H4WV02080'],Alex,M,kg:/m/02qqy78,412662,,,Mooney,,2118.0,,,Alexander X. Mooney,N00033814,,,02277,,Q4718026,Alex Mooney
,J000297,1960-09-12,,['H4WV03070'],Evan,M,kg:/m/0d4_hq,412663,,,Jenkins,,2119.0,,,Evan H. Jenkins,N00035531,,,02278,,Q5415437,Evan Jenkins (politician)
,R000600,1947-12-29,,['H4AS00036'],Aumua,F,kg:/m/012964p3,412664,15032412349.0,,Amata,,2120.0,,,Aumua Amata Coleman Radewagen,N00007635,,,02222,,Q18684027,Amata Coleman Radewagen
,S001198,1964-11-13,,['S4AK00214'],Dan,M,kg:/m/07s4r4q,412665,,,Sullivan,S383,2121.0,,,Daniel Sullivan,N00035774,,,02290,,Q5218668,Dan Sullivan (U.S. Senator)
,P000612,1949-12-10,,['S4GA11285'],David,M,kg:/m/03wp8v4,412666,,,Perdue,S379,2122.0,,,David Perdue,N00035516,,,02286,,Q17402717,David Perdue
,E000295,1970-07-01,,['S4IA00129'],Joni,F,kg:/m/0gg4wkg,412667,15032414877.0,,Ernst,S376,2123.0,,,Joni Ernst,N00035483,,,02283,,Q13475242,Joni Ernst
,T000476,1960-08-30,,['S4NC00162'],Thom,M,kg:/m/0fq0395,412668,,,Tillis,S384,2124.0,,,Thom Tillis,N00035492,,,02291,,Q7786750,Thom Tillis
,R000605,1954-10-24,,['S4SD00049'],Mike,M,kg:/m/020z2p,412669,,,Rounds,S381,2125.0,,,Mike Rounds,N00035187,,,02288,,Q722503,Mike Rounds
,W000819,1969-05-20,,['H4NC06052'],Mark,M,kg:/m/0115r5gz,412670,,,Walker,,2126.0,,,Mark Walker,N00035311,,,02255,,Q17388892,Mark Walker (North Carolina politician)
,S001197,1972-02-22,,['S4NE00090'],Benjamin,M,kg:/m/0j5wk_6,412671,,,Sasse,S382,2127.0,Eric,,Ben Sasse,N00035544,,,02289,,Q16192221,Ben Sasse
Daniel Donovan (New York),D000625,1956-11-06,,['H6NY11174'],Daniel,M,kg:/m/0c036qd,412672,,,Donovan,,2161.0,M.,,"Daniel M. Donovan, Jr.",N00036928,,Jr.,02293,127760.0,Q5217998,Dan Donovan (politician)
Trent Kelly,K000388,1966-03-01,,['H6MS01131'],Trent,M,kg:/m/013b9qgh,412673,,,Kelly,,2163.0,,,Trent Kelly,N00037003,,,02294,156389.0,Q20204915,Trent Kelly (politician)
Darin LaHood,L000585,1968-07-05,,['H6IL18088'],Darin,M,kg:/m/0gg7rcy,412674,15032425053.0,,LaHood,,2164.0,,,Darin LaHood,N00037031,,,02295,128760.0,Q5222780,Darin LaHood
Warren Davidson,D000626,1970-03-01,,['H6OH08315'],Warren,M,kg:/g/11cmmch3q8,412675,,,Davidson,,2165.0,,,Warren Davidson,N00038767,,,02296,166760.0,Q24458117,Warren Davidson
Colleen Hanabusa,H001050,1951-05-04,61258.0,"['H2HI02110', 'S4HI00144']",Colleen,F,kg:/m/03cwzgv,412418,15596.0,21124.0,Hanabusa,,1430.0,W.,,Colleen Hanabusa,N00025881,,,02010,17745.0,Q276359,Colleen Hanabusa
James Comer Jr.,C001108,1972-08-19,76619.0,['H6KY01110'],James,M,kg:/m/0j65cf0,412676,,,Comer,,2166.0,,,James Comer,N00038260,,,,35169.0,Q6131602,James Comer (politician)
Dwight Evans,E000296,1954-05-16,56729.0,['H6PA02171'],Dwight,M,kg:/m/03y8h6m,412677,,,Evans,,2167.0,,,Dwight Evans,N00038450,,,,9128.0,Q5318148,Dwight Evans (politician)
Kamala Harris,H001075,1964-10-20,,['S6CA00584'],Kamala,F,,412678,,,Harris,S387,,,,Kamala D. Harris,,,,,120012.0,,Kamala Harris
John Neely Kennedy,K000393,1951-11-21,,['S4LA00065'],John,M,,412679,,,Kennedy,S389,,Neely,,John Kennedy,,,,,35496.0,,John Neely Kennedy
Maggie Hassan,H001076,1958-02-27,,['S6NH00091'],Margaret,F,,412680,,,Hassan,S388,,Wood,Maggie,Margaret Wood Hassan,,,,,42552.0,,Maggie Hassan
Catherine Cortez Masto,C001113,1964-03-29,,['S6NV00200'],Catherine,F,,412681,,,Cortez Masto,S385,,,,Catherine Cortez Masto,,,,,69579.0,,Catherine Cortez Masto
Brad Schneider,S001190,1961-08-20,63948.0,['H2IL10068'],Bradley,M,kg:/m/0j63zyv,412534,,21326.0,Schneider,,1758.0,S.,,Bradley Scott Schneider,N00033101,,,02124,134948.0,Q2923426,Brad Schneider
Carol Shea-Porter,S001170,1952-12-02,1021773.0,['H6NH01230'],Carol,F,kg:/m/0fvcl4,412219,22596.0,20731.0,Shea-Porter,,704.0,,,Carol Shea-Porter,N00028091,,,01861,65891.0,Q434112,Carol Shea-Porter
,O000171,1946-01-24,,,Tom,M,,412682,,,O'Halleran,,,,,Tom O'Halleran,,,,,,,
,B001302,1958-11-07,,,Andy,M,,412683,,,Biggs,,,,,Andy Biggs,,,,,,,
,K000389,1976-09-13,,,Ro,M,,412684,,,Khanna,,,,,Ro Khanna,,,,,,,
,P000613,1969-10-01,,,Jimmy,M,,412685,,,Panetta,,,,,Jimmy Panetta,,,,,,,
,C001112,1964-11-18,,,Salud,M,,412686,,,Carbajal,,,,,Salud O. Carbajal,,,,,,,
,B001300,1976-09-15,,,Nanette,F,,412687,,,Barragán,,,,,Nanette Diaz Barragán,,,,,,,
,C001110,1958-01-24,,,J.,M,,412688,,,Correa,,,,,J. Luis Correa,,,,,,,
,B001303,1962-02-10,,,Lisa,F,,412689,,,Blunt Rochester,,,,,Lisa Blunt Rochester,,,,,,,
,G000578,1982-05-07,,,Matt,M,,412690,,,Gaetz,,,,,Matt Gaetz,,,,,,,
,D000628,1953-02-16,,,Neal,M,,412691,,,Dunn,,,,,Neal P. Dunn,,,,,,,
,R000609,1952-09-02,,,John,M,,412692,,,Rutherford,,,,,John H. Rutherford,,,,,,,
,L000586,1948-09-21,,,Al,M,,412693,,,Lawson,,,,,"Al Lawson, Jr.",,,,,,,
,M001202,1978-09-16,,,Stephanie,F,,412694,,,Murphy,,,,,Stephanie N. Murphy,,,,,,,
,S001200,1978-02-25,,,Darren,M,,412695,,,Soto,,,,,Darren Soto,,,,,,,
,D000627,1957-03-12,,,Val,F,,412696,,,Demings,,,,,Val Butler Demings,,,,,,,
,C001111,1956-07-24,,,Charlie,M,,412697,,,Crist,,,,,Charlie Crist,,,,,,,
,M001199,1980-07-10,,,Brian,M,,412698,,,Mast,,,,,Brian J. Mast,,,,,,,
,R000607,1953-12-04,,,Francis,M,,412699,,,Rooney,,,,,Francis Rooney,,,,,,,
,F000465,1967-11-15,,,A.,M,,412700,,,Ferguson,,,,,A. Drew Ferguson IV,,,,,,,
,K000391,1973-07-19,,,Raja,M,,412701,,,Krishnamoorthi,,,,,Raja Krishnamoorthi,,,,,,,
,B001299,1979-07-16,,,Jim,M,,412702,,,Banks,,,,,Jim Banks,,,,,,,
,H001074,1983-09-12,,,Trey,M,,412703,,,Hollingsworth,,,,,Trey Hollingsworth,,,,,,,
,M001198,1960-08-09,,,Roger,M,,412704,,,Marshall,,,,,Roger W. Marshall,,,,,,,
,H001077,1961-08-24,,,Clay,M,,412705,,,Higgins,,,,,Clay Higgins,,,,,,,
,J000299,1972-01-30,,,Mike,M,,412706,,,Johnson,,,,,Mike Johnson,,,,,,,
,B001304,1961-11-21,,,Anthony,M,,412707,,,Brown,,,,,Anthony G. Brown,,,,,,,
,R000606,1962-12-13,,,Jamie,M,,412708,,,Raskin,,,,,Jamie Raskin,,,,,,,
,B001301,1947-02-02,,,Jack,M,,412709,,,Bergman,,,,,Jack Bergman,,,,,,,
,M001201,,,,Paul,M,,412710,,,Mitchell,,,,,Paul Mitchell,,,,,,,
,L000587,1995-09-23,,,Jason,M,,412711,,,Lewis,,,,,Jason Lewis,,,,,,,
,B001305,1971-10-21,,,Ted,M,,412712,,,Budd,,,,,Ted Budd,,,,,,,
,B001298,1963-08-16,,,Don,M,,412713,,,Bacon,,,,,Don Bacon,,,,,,,
,G000583,1975-03-08,,,Josh,M,,412714,,,Gottheimer,,,,,Josh Gottheimer,,,,,,,
,R000608,,,,Jacky,F,,412715,,,Rosen,,,,,Jacky Rosen,,,,,,,
,K000390,1980-04-25,,,Ruben,M,,412716,,,Kihuen,,,,,Ruben Kihuen,,,,,,,
,S001201,1962-08-31,,,Thomas,M,,412717,,,Suozzi,,,,,Thomas R. Suozzi,,,,,,,
,E000297,1954-09-27,,,Adriano,M,,412718,,,Espaillat,,,,,Adriano Espaillat,,,,,,,
,F000464,1952-08-25,,,John,M,,412719,,,Faso,,,,,John J. Faso,,,,,,,
,T000478,1961-02-04,,,Claudia,F,,412720,,,Tenney,,,,,Claudia Tenney,,,,,,,
,F000466,1973-12-17,,,Brian,M,,412721,,,Fitzpatrick,,,,,Brian K. Fitzpatrick,,,,,,,
,S001199,1964-01-23,,,Lloyd,M,,412722,,,Smucker,,,,,Lloyd Smucker,,,,,,,
,G000582,1976-08-05,,,Jenniffer,F,,412723,,,González-Colón,,,,,Jenniffer González-Colón,,,,,,,
,K000392,1966-10-08,,,David,M,,412724,,,Kustoff,,,,,David Kustoff,,,,,,,
,G000581,1967-09-04,,,Vicente,M,,412725,,,Gonzalez,,,,,Vicente Gonzalez,,,,,,,
,A000375,1972-03-09,,,Jodey,M,,412726,,,Arrington,,,,,Jodey C. Arrington,,,,,,,
,T000477,1979-06-27,,,Scott,M,,412727,,,Taylor,,,,,Scott Taylor,,,,,,,
,M001200,1961-10-10,,,A.,M,,412728,,,McEachin,,,,,A. Donald McEachin,,,,,,,
,G000580,1972-03-27,,,Thomas,M,,412729,,,Garrett,,,,,"Thomas A. Garrett, Jr.",,,,,,,
,J000298,1965-09-21,,,Pramila,F,,412730,,,Jayapal,,,,,Pramila Jayapal,,,,,,,
,G000579,1984-03-03,,,Mike,M,,412731,,,Gallagher,,,,,Mike Gallagher,,,,,,,
,C001109,1966-07-28,,,Liz,F,,412732,,,Cheney,,,,,Liz Cheney,,,,,,,
